timestamp,step,action,type,price,position,balance,profit_loss,drawdown
2025-05-05 00:12:44.014168,0,2,open_short,17.32,-1,10000.0,0,0.0
2025-05-05 00:12:44.042642,13,2,stop_loss_short,0.0,0,9997.946087949744,0,-2.0539120502562582
2025-05-05 00:12:44.066531,14,2,stop_loss_short,0.0,0,10001.941267206488,0,-2.0539120502562582
2025-05-05 00:12:44.071964,15,2,stop_loss_short,0.0,0,10005.619281682293,0,-2.0539120502562582
2025-05-05 00:12:44.078283,16,2,stop_loss_short,0.0,0,10009.617527147253,0,-2.0539120502562582
2025-05-05 00:12:44.083513,17,2,open_short,17.71,-1,10009.617527147253,0,-2.0539120502562582
2025-05-05 00:12:44.097376,21,2,stop_loss_short,0.0,0,10006.001230588157,0,-2.0539120502562582
2025-05-05 00:12:44.103001,22,2,stop_loss_short,0.0,0,10009.9996286799,0,-2.0539120502562582
2025-05-05 00:12:44.109626,23,2,stop_loss_short,0.0,0,10013.99962453152,0,-2.0539120502562582
2025-05-05 00:12:44.115252,24,2,stop_loss_short,0.0,0,10018.001218781483,0,-2.0539120502562582
2025-05-05 00:12:44.115930,25,2,stop_loss_short,0.0,0,10022.004412068507,0,-2.0539120502562582
2025-05-05 00:12:44.126456,26,2,open_short,18.34,-1,10022.004412068507,0,-2.0539120502562582
2025-05-05 00:12:44.132842,28,2,stop_loss_short,0.0,0,10019.848979903241,0,-2.0539120502562582
2025-05-05 00:12:44.139650,29,2,stop_loss_short,0.0,0,10023.85291155561,0,-2.0539120502562582
2025-05-05 00:12:44.145338,30,2,stop_loss_short,0.0,0,10027.858443179068,0,-2.0539120502562582
2025-05-05 00:12:44.151306,31,2,stop_loss_short,0.0,0,10031.865575412961,0,-2.0539120502562582
2025-05-05 00:12:44.156874,32,2,stop_loss_short,0.0,0,10035.874308896897,0,-2.0539120502562582
2025-05-05 00:12:44.162666,33,2,stop_loss_short,0.0,0,10039.884644270733,0,-2.0539120502562582
2025-05-05 00:12:44.168654,34,2,open_short,18.93,-1,10039.884644270733,0,-2.0539120502562582
2025-05-05 00:12:44.184634,39,2,take_profit_short,0.0,0,10045.377439867461,0,-2.0539120502562582
2025-05-05 00:12:44.190635,40,2,open_short,18.47,-1,10045.377439867461,0,-2.0539120502562582
2025-05-05 00:12:44.300386,81,2,stop_loss_short,0.0,0,10038.04710471898,0,-2.0539120502562582
2025-05-05 00:12:44.307950,82,2,open_short,19.24,-1,10038.04710471898,0,-2.0539120502562582
2025-05-05 00:12:44.315551,84,2,stop_loss_short,0.0,0,10035.400117556565,0,-2.0539120502562582
2025-05-05 00:12:44.323523,85,2,stop_loss_short,0.0,0,10039.41026344354,0,-2.0539120502562582
2025-05-05 00:12:44.328688,86,2,open_short,19.66,-1,10039.41026344354,0,-2.0539120502562582
2025-05-05 00:12:44.337047,88,2,take_profit_short,0.0,0,10043.834985878766,0,-2.0539120502562582
2025-05-05 00:12:44.343773,89,2,open_short,19.17,-1,10043.834985878766,0,-2.0539120502562582
2025-05-05 00:12:44.351588,91,2,take_profit_short,0.0,0,10059.680792546842,0,-2.0539120502562582
2025-05-05 00:12:44.356378,92,2,open_short,17.31,-1,10059.680792546842,0,-2.0539120502562582
2025-05-05 00:12:45.285061,484,2,take_profit_short,0.0,0,10147.187697465519,0,-2.0539120502562582
2025-05-05 00:12:45.297051,485,2,open_short,11.75,-1,10147.187697465519,0,-2.0539120502562582
2025-05-05 00:12:51.420050,3063,2,take_profit_short,0.0,0,10308.629453732196,0,-2.0539120502562582
2025-05-05 00:12:51.441975,3064,2,open_short,6.5,-1,10308.629453732196,0,-2.0539120502562582
2025-05-05 00:12:51.573922,3115,2,take_profit_short,0.0,0,10381.784544576964,0,-2.0539120502562582
2025-05-05 00:12:51.585661,3116,2,open_short,4.9,-1,10381.784544576964,0,-2.0539120502562582
2025-05-05 00:12:54.867417,4517,2,stop_loss_short,0.0,0,10338.97139398355,0,-2.0539120502562582
2025-05-05 00:12:54.874658,4518,2,open_short,6.2,-1,10338.97139398355,0,-2.0539120502562582
2025-05-05 00:12:54.889788,4523,2,stop_loss_short,0.0,0,10336.672493285358,0,-2.0539120502562582
2025-05-05 00:12:54.898099,4524,2,stop_loss_short,0.0,0,10340.803027613674,0,-2.0539120502562582
2025-05-05 00:12:54.903496,4525,2,open_short,6.3,-1,10340.803027613674,0,-2.0539120502562582
2025-05-05 00:12:54.912808,4527,2,stop_loss_short,0.0,0,10337.902117784617,0,-2.0539120502562582
2025-05-05 00:12:54.917828,4528,2,stop_loss_short,0.0,0,10340.126516231068,0,-2.0539120502562582
2025-05-05 00:12:54.923130,4529,2,stop_loss_short,0.0,0,10344.258430786955,0,-2.0539120502562582
2025-05-05 00:12:54.930814,4530,2,open_short,6.46,-1,10344.258430786955,0,-2.0539120502562582
2025-05-05 00:12:54.973167,4548,2,take_profit_short,0.0,0,10355.082825337377,0,-2.0539120502562582
2025-05-05 00:12:54.986874,4549,2,open_short,6.01,-1,10355.082825337377,0,-2.0539120502562582
2025-05-05 00:12:55.237922,4648,2,stop_loss_short,0.0,0,10336.792147299891,0,-2.0539120502562582
2025-05-05 00:12:55.245843,4649,2,stop_loss_short,0.0,0,10339.436189922832,0,-2.0539120502562582
2025-05-05 00:12:55.250924,4650,2,open_short,6.91,-1,10339.436189922832,0,-2.0539120502562582
2025-05-05 00:12:55.271165,4656,2,stop_loss_short,0.0,0,10335.993157671588,0,-2.0539120502562582
2025-05-05 00:12:55.277738,4657,2,open_short,7.1,-1,10335.993157671588,0,-2.0539120502562582
2025-05-05 00:12:55.314722,4670,2,take_profit_short,0.0,0,10345.754487930508,0,-2.0539120502562582
2025-05-05 00:12:55.322024,4671,2,open_short,6.81,-1,10345.754487930508,0,-2.0539120502562582
2025-05-05 00:12:55.390442,4695,2,stop_loss_short,0.0,0,10333.150330938504,0,-2.0539120502562582
2025-05-05 00:12:55.396442,4696,2,open_short,7.23,-1,10333.150330938504,0,-2.0539120502562582
2025-05-05 00:12:55.955589,4938,2,take_profit_short,0.0,0,10364.30104731016,0,-2.0539120502562582
2025-05-05 00:12:55.977553,4939,2,open_short,6.31,-1,10364.30104731016,0,-2.0539120502562582
2025-05-05 00:12:56.024934,4960,2,stop_loss_short,0.0,0,10342.809004695197,0,-2.0539120502562582
2025-05-05 00:12:56.044294,4961,2,stop_loss_short,0.0,0,10354.91736351827,0,-2.0539120502562582
2025-05-05 00:12:56.050806,4962,2,stop_loss_short,0.0,0,10359.055188496732,0,-2.0539120502562582
2025-05-05 00:12:56.056658,4963,2,open_short,7.76,-1,10359.055188496732,0,-2.0539120502562582
2025-05-05 00:12:56.065557,4965,2,stop_loss_short,0.0,0,10353.377599595666,0,-2.0539120502562582
2025-05-05 00:12:56.070598,4966,2,stop_loss_short,0.0,0,10357.514809284465,0,-2.0539120502562582
2025-05-05 00:12:56.077220,4967,2,open_short,8.01,-1,10357.514809284465,0,-2.0539120502562582
2025-05-05 00:12:56.083346,4968,2,stop_loss_short,0.0,0,10352.71978517239,0,-2.0539120502562582
2025-05-05 00:12:56.089285,4969,2,stop_loss_short,0.0,0,10356.856731998545,0,-2.0539120502562582
2025-05-05 00:12:56.095783,4970,2,open_short,8.28,-1,10356.856731998545,0,-2.0539120502562582
2025-05-05 00:12:56.124818,4981,2,stop_loss_short,0.0,0,10351.636021052309,0,-2.0539120502562582
2025-05-05 00:12:56.136009,4982,2,stop_loss_short,0.0,0,10360.687473468091,0,-2.0539120502562582
2025-05-05 00:12:56.141708,4983,2,open_short,9.23,-1,10360.687473468091,0,-2.0539120502562582
2025-05-05 00:12:56.157983,4987,2,stop_loss_short,0.0,0,10355.733102686034,0,-2.0539120502562582
2025-05-05 00:12:56.164085,4988,2,open_short,9.49,-1,10355.733102686034,0,-2.0539120502562582
2025-05-05 00:12:56.204832,5002,2,take_profit_short,0.0,0,10371.868094913825,0,-2.0539120502562582
2025-05-05 00:12:56.212127,5003,2,open_short,8.72,-1,10371.868094913825,0,-2.0539120502562582
2025-05-05 00:12:57.790365,5679,2,take_profit_short,0.0,0,10443.083332138402,0,-2.0539120502562582
2025-05-05 00:12:57.800448,5680,2,open_short,6.38,-1,10443.083332138402,0,-2.0539120502562582
2025-05-05 00:13:01.452408,7163,2,stop_loss_short,0.0,0,10421.983610286883,0,-2.0539120502562582
2025-05-05 00:13:01.462483,7164,2,open_short,6.96,-1,10421.983610286883,0,-2.0539120502562582
2025-05-05 00:13:01.620451,7224,2,stop_loss_short,0.0,0,10414.505693096453,0,-2.0539120502562582
2025-05-05 00:13:01.627615,7225,2,stop_loss_short,0.0,0,10417.057105104263,0,-2.0539120502562582
2025-05-05 00:13:01.634615,7226,2,stop_loss_short,0.0,0,10421.219761123462,0,-2.0539120502562582
2025-05-05 00:13:01.641411,7227,2,open_short,7.23,-1,10421.219761123462,0,-2.0539120502562582
2025-05-05 00:13:01.667233,7236,2,take_profit_short,0.0,0,10429.608318221539,0,-2.0539120502562582
2025-05-05 00:13:01.675309,7237,2,open_short,7.01,-1,10429.608318221539,0,-2.0539120502562582
2025-05-05 00:13:01.953488,7352,2,stop_loss_short,0.0,0,10419.443265821634,0,-2.0539120502562582
2025-05-05 00:13:01.966033,7353,2,stop_loss_short,0.0,0,10423.606875350655,0,-2.0539120502562582
2025-05-05 00:13:01.973104,7354,2,open_short,7.32,-1,10423.606875350655,0,-2.0539120502562582
2025-05-05 00:13:01.977423,7355,2,stop_loss_short,0.0,0,10418.70655381255,0,-2.0539120502562582
2025-05-05 00:13:01.984710,7356,2,open_short,7.55,-1,10418.70655381255,0,-2.0539120502562582
2025-05-05 00:13:01.992280,7357,2,stop_loss_short,0.0,0,10415.736614349,0,-2.0539120502562582
2025-05-05 00:13:01.998297,7358,2,open_short,7.57,-1,10415.736614349,0,-2.0539120502562582
2025-05-05 00:13:02.041408,7378,2,stop_loss_short,0.0,0,10411.693095873195,0,-2.0539120502562582
2025-05-05 00:13:02.061112,7379,2,open_short,7.66,-1,10411.693095873195,0,-2.0539120502562582
2025-05-05 00:13:02.131674,7403,2,take_profit_short,0.0,0,10419.002104426498,0,-2.0539120502562582
2025-05-05 00:13:02.139334,7404,2,open_short,7.43,-1,10419.002104426498,0,-2.0539120502562582
2025-05-05 00:13:02.245460,7442,2,take_profit_short,0.0,0,10440.225002506195,0,-2.0539120502562582
2025-05-05 00:13:02.252232,7443,2,open_short,6.46,-1,10440.225002506195,0,-2.0539120502562582
2025-05-05 00:13:02.357510,7484,2,take_profit_short,0.0,0,10513.53897081668,0,-2.0539120502562582
2025-05-05 00:13:02.367816,7485,2,open_short,4.86,-1,10513.53897081668,0,-2.0539120502562582
2025-05-05 00:13:02.693324,7619,2,stop_loss_short,0.0,0,10469.000824998093,0,-2.0539120502562582
2025-05-05 00:13:02.700799,7620,2,stop_loss_short,0.0,0,10473.184237727763,0,-2.0539120502562582
2025-05-05 00:13:02.708725,7621,2,open_short,6.3,-1,10473.184237727763,0,-2.0539120502562582
2025-05-05 00:13:02.720467,7624,2,stop_loss_short,0.0,0,10469.914640523546,0,-2.0539120502562582
2025-05-05 00:13:02.728010,7625,2,open_short,6.29,-1,10469.914640523546,0,-2.0539120502562582
2025-05-05 00:13:02.841422,7664,2,take_profit_short,0.0,0,10485.729608493953,0,-2.0539120502562582
2025-05-05 00:13:02.847999,7665,2,open_short,5.75,-1,10485.729608493953,0,-2.0539120502562582
2025-05-05 00:13:03.139774,7770,2,take_profit_short,0.0,0,10510.137943745725,0,-2.0539120502562582
2025-05-05 00:13:03.152147,7771,2,open_short,5.2,-1,10510.137943745725,0,-2.0539120502562582
2025-05-05 00:13:03.249332,7805,2,stop_loss_short,0.0,0,10499.408397082861,0,-2.0539120502562582
2025-05-05 00:13:03.257635,7806,2,stop_loss_short,0.0,0,10503.603960678336,0,-2.0539120502562582
2025-05-05 00:13:03.264635,7807,2,stop_loss_short,0.0,0,10507.801200821023,0,-2.0539120502562582
2025-05-05 00:13:03.272034,7808,2,stop_loss_short,0.0,0,10512.000118180871,0,-2.0539120502562582
2025-05-05 00:13:03.279036,7809,2,stop_loss_short,0.0,0,10516.200713428096,0,-2.0539120502562582
2025-05-05 00:13:03.286370,7810,2,stop_loss_short,0.0,0,10520.402987233181,0,-2.0539120502562582
2025-05-05 00:13:03.292756,7811,2,open_short,5.43,-1,10520.402987233181,0,-2.0539120502562582
2025-05-05 00:13:03.317622,7819,2,stop_loss_short,0.0,0,10516.975851607884,0,-2.0539120502562582
2025-05-05 00:13:03.324257,7820,2,open_short,5.49,-1,10516.975851607884,0,-2.0539120502562582
2025-05-05 00:13:03.353300,7829,2,stop_loss_short,0.0,0,10514.704184823937,0,-2.0539120502562582
2025-05-05 00:13:03.360296,7830,2,open_short,5.54,-1,10514.704184823937,0,-2.0539120502562582
2025-05-05 00:13:03.396816,7842,2,take_profit_short,0.0,0,10519.35548643898,0,-2.0539120502562582
2025-05-05 00:13:03.404555,7843,2,open_short,5.41,-1,10519.35548643898,0,-2.0539120502562582
2025-05-05 00:13:03.761040,7967,2,stop_loss_short,0.0,0,10512.4225737137,0,-2.0539120502562582
2025-05-05 00:13:03.765220,7968,2,stop_loss_short,0.0,0,10516.623337774156,0,-2.0539120502562582
2025-05-05 00:13:03.774962,7969,2,open_short,5.74,-1,10516.623337774156,0,-2.0539120502562582
2025-05-05 00:13:03.791620,7974,2,stop_loss_short,0.0,0,10514.460845826072,0,-2.0539120502562582
2025-05-05 00:13:03.798666,7975,2,stop_loss_short,0.0,0,10518.662424380063,0,-2.0539120502562582
2025-05-05 00:13:03.805372,7976,2,open_short,5.73,-1,10518.662424380063,0,-2.0539120502562582
2025-05-05 00:13:03.836391,7987,2,stop_loss_short,0.0,0,10514.358747754006,0,-2.0539120502562582
2025-05-05 00:13:03.846610,7988,2,stop_loss_short,0.0,0,10518.560285509608,0,-2.0539120502562582
2025-05-05 00:13:03.853459,7989,2,stop_loss_short,0.0,0,10522.763502199698,0,-2.0539120502562582
2025-05-05 00:13:03.860774,7990,2,stop_loss_short,0.0,0,10526.968398495177,0,-2.0539120502562582
2025-05-05 00:13:03.867531,7991,2,stop_loss_short,0.0,0,10531.174975067215,0,-2.0539120502562582
2025-05-05 00:13:03.875247,7992,2,open_short,5.78,-1,10531.174975067215,0,-2.0539120502562582
2025-05-05 00:13:03.919726,8007,2,stop_loss_short,0.0,0,10526.895391148533,0,-2.0539120502562582
2025-05-05 00:13:03.928121,8008,2,open_short,5.9,-1,10526.895391148533,0,-2.0539120502562582
2025-05-05 00:13:03.951276,8015,2,stop_loss_short,0.0,0,10524.802581497635,0,-2.0539120502562582
2025-05-05 00:13:03.959866,8016,2,open_short,5.94,-1,10524.802581497635,0,-2.0539120502562582
2025-05-05 00:13:04.007513,8031,2,stop_loss_short,0.0,0,10521.32103256422,0,-2.0539120502562582
2025-05-05 00:13:04.014017,8032,2,stop_loss_short,0.0,0,10525.525352448833,0,-2.0539120502562582
2025-05-05 00:13:04.024164,8033,2,stop_loss_short,0.0,0,10529.731352379671,0,-2.0539120502562582
2025-05-05 00:13:04.030977,8034,2,stop_loss_short,0.0,0,10534.436426587159,0,-2.0539120502562582
2025-05-05 00:13:04.038166,8035,2,stop_loss_short,0.0,0,10539.617424490007,0,-2.0539120502562582
2025-05-05 00:13:04.044796,8036,2,open_short,6.41,-1,10539.617424490007,0,-2.0539120502562582
2025-05-05 00:13:04.101901,8055,2,take_profit_short,0.0,0,10547.821900703304,0,-2.0539120502562582
2025-05-05 00:13:04.111068,8056,2,open_short,6.17,-1,10547.821900703304,0,-2.0539120502562582
2025-05-05 00:13:04.904978,8373,2,take_profit_short,0.0,0,10577.670310318996,0,-2.0539120502562582
2025-05-05 00:13:04.927075,8374,2,open_short,5.3,-1,10577.670310318996,0,-2.0539120502562582
2025-05-05 00:13:06.411995,8939,2,stop_loss_short,0.0,0,10557.340689536382,0,-2.0539120502562582
2025-05-05 00:13:06.417995,8940,2,stop_loss_short,0.0,0,10561.55940287592,0,-2.0539120502562582
2025-05-05 00:13:06.424995,8941,2,stop_loss_short,0.0,0,10565.77980201331,0,-2.0539120502562582
2025-05-05 00:13:06.431995,8942,2,stop_loss_short,0.0,0,10570.001887622195,0,-2.0539120502562582
2025-05-05 00:13:06.440337,8943,2,stop_loss_short,0.0,0,10574.225660376489,0,-2.0539120502562582
2025-05-05 00:13:06.447336,8944,2,stop_loss_short,0.0,0,10578.451120950376,0,-2.0539120502562582
2025-05-05 00:13:06.454108,8945,2,open_short,5.885,-1,10578.451120950376,0,-2.0539120502562582
2025-05-05 00:13:06.507300,8963,2,take_profit_short,0.0,0,10584.540829727088,0,-2.0539120502562582
2025-05-05 00:13:06.515920,8964,2,open_short,5.679,-1,10584.540829727088,0,-2.0539120502562582
2025-05-05 00:13:06.612701,8999,2,stop_loss_short,0.0,0,10574.376278955384,0,-2.0539120502562582
2025-05-05 00:13:06.620703,9000,2,stop_loss_short,0.0,0,10578.601799716454,0,-2.0539120502562582
2025-05-05 00:13:06.627827,9001,2,stop_loss_short,0.0,0,10582.82900899562,0,-2.0539120502562582
2025-05-05 00:13:06.632051,9002,2,stop_loss_short,0.0,0,10587.057907467615,0,-2.0539120502562582
2025-05-05 00:13:06.642352,9003,2,stop_loss_short,0.0,0,10591.28849580744,0,-2.0539120502562582
2025-05-05 00:13:06.648029,9004,2,open_short,5.934,-1,10591.28849580744,0,-2.0539120502562582
2025-05-05 00:13:06.657393,9006,2,stop_loss_short,0.0,0,10587.31812226684,0,-2.0539120502562582
2025-05-05 00:13:06.657393,9007,2,open_short,6.003,-1,10587.31812226684,0,-2.0539120502562582
2025-05-05 00:13:06.682184,9012,2,stop_loss_short,0.0,0,10584.727902478071,0,-2.0539120502562582
2025-05-05 00:13:06.687223,9013,2,open_short,5.974,-1,10584.727902478071,0,-2.0539120502562582
2025-05-05 00:13:06.706511,9021,2,stop_loss_short,0.0,0,10578.37964193192,0,-2.0539120502562582
2025-05-05 00:13:06.721546,9022,2,stop_loss_short,0.0,0,10582.606762436837,0,-2.0539120502562582
2025-05-05 00:13:06.723126,9023,2,open_short,6.094,-1,10582.606762436837,0,-2.0539120502562582
2025-05-05 00:13:06.864815,9043,2,stop_loss_short,0.0,0,10579.198081425819,0,-2.0539120502562582
2025-05-05 00:13:06.909825,9044,2,stop_loss_short,0.0,0,10583.239809886263,0,-2.0539120502562582
2025-05-05 00:13:06.943302,9045,2,open_short,6.279,-1,10583.239809886263,0,-2.0539120502562582
2025-05-05 00:13:06.990930,9047,2,stop_loss_short,0.0,0,10580.489838832273,0,-2.0539120502562582
2025-05-05 00:13:06.999880,9048,2,stop_loss_short,0.0,0,10584.848241085343,0,-2.0539120502562582
2025-05-05 00:13:07.006914,9049,2,stop_loss_short,0.0,0,10589.077946442481,0,-2.0539120502562582
2025-05-05 00:13:07.013482,9050,2,open_short,6.742,-1,10589.077946442481,0,-2.0539120502562582
2025-05-05 00:13:07.025376,9053,2,stop_loss_short,0.0,0,10587.007911210661,0,-2.0539120502562582
2025-05-05 00:13:07.030800,9054,2,open_short,6.794,-1,10587.007911210661,0,-2.0539120502562582
2025-05-05 00:13:07.095061,9079,2,take_profit_short,0.0,0,10597.906023376692,0,-2.0539120502562582
2025-05-05 00:13:07.110403,9080,2,open_short,6.457,-1,10597.906023376692,0,-2.0539120502562582
2025-05-05 00:13:07.159185,9096,2,stop_loss_short,0.0,0,10590.789834201474,0,-2.0539120502562582
2025-05-05 00:13:07.167187,9097,2,open_short,6.661,-1,10590.789834201474,0,-2.0539120502562582
2025-05-05 00:13:07.189822,9103,2,take_profit_short,0.0,0,10595.51328378259,0,-2.0539120502562582
2025-05-05 00:13:07.197209,9104,2,open_short,6.484,-1,10595.51328378259,0,-2.0539120502562582
2025-05-05 00:13:07.339889,9157,2,stop_loss_short,0.0,0,10587.49227871988,0,-2.0539120502562582
2025-05-05 00:13:07.347076,9158,2,open_short,6.298,-1,10587.49227871988,0,-2.0539120502562582
2025-05-05 00:13:07.540909,9235,2,stop_loss_short,0.0,0,10572.051768574891,0,-2.0539120502562582
2025-05-05 00:13:07.553601,9236,2,stop_loss_short,0.0,0,10576.276360461614,0,-2.0539120502562582
2025-05-05 00:13:07.560897,9237,2,open_short,6.748,-1,10576.276360461614,0,-2.0539120502562582
2025-05-05 00:13:07.598211,9249,2,stop_loss_short,0.0,0,10573.957286694253,0,-2.0539120502562582
2025-05-05 00:13:07.606517,9250,2,stop_loss_short,0.0,0,10578.182640026016,0,-2.0539120502562582
2025-05-05 00:13:07.614191,9251,2,stop_loss_short,0.0,0,10582.409681808971,0,-2.0539120502562582
2025-05-05 00:13:07.620811,9252,2,stop_loss_short,0.0,0,10586.638412717823,0,-2.0539120502562582
2025-05-05 00:13:07.624934,9253,2,stop_loss_short,0.0,0,10590.868833427545,0,-2.0539120502562582
2025-05-05 00:13:07.635383,9254,2,stop_loss_short,0.0,0,10595.100944613383,0,-2.0539120502562582
2025-05-05 00:13:07.643154,9255,2,open_short,6.948,-1,10595.100944613383,0,-2.0539120502562582
2025-05-05 00:13:07.761224,9296,2,take_profit_short,0.0,0,10603.488486389546,0,-2.0539120502562582
2025-05-05 00:13:07.767775,9297,2,open_short,6.665,-1,10603.488486389546,0,-2.0539120502562582
2025-05-05 00:13:07.814275,9311,2,take_profit_short,0.0,0,10618.266088733133,0,-2.0539120502562582
2025-05-05 00:13:07.822023,9312,2,open_short,6.208,-1,10618.266088733133,0,-2.0539120502562582
2025-05-05 00:13:08.010182,9377,2,stop_loss_short,0.0,0,10599.813946876788,0,-2.0539120502562582
2025-05-05 00:13:08.014889,9378,2,stop_loss_short,0.0,0,10604.04963252996,0,-2.0539120502562582
2025-05-05 00:13:08.025673,9379,2,stop_loss_short,0.0,0,10608.287010763119,0,-2.0539120502562582
2025-05-05 00:13:08.032674,9380,2,stop_loss_short,0.0,0,10612.52608225262,0,-2.0539120502562582
2025-05-05 00:13:08.040371,9381,2,open_short,6.799,-1,10612.52608225262,0,-2.0539120502562582
2025-05-05 00:13:08.050032,9383,2,stop_loss_short,0.0,0,10610.004745502023,0,-2.0539120502562582
2025-05-05 00:13:08.057034,9384,2,open_short,6.835,-1,10610.004745502023,0,-2.0539120502562582
2025-05-05 00:13:08.095752,9396,2,take_profit_short,0.0,0,10614.774234660905,0,-2.0539120502562582
2025-05-05 00:13:08.095752,9397,2,open_short,6.613,-1,10614.774234660905,0,-2.0539120502562582
2025-05-05 00:13:08.173384,9421,2,stop_loss_short,0.0,0,10605.614495592097,0,-2.0539120502562582
2025-05-05 00:13:08.173384,9422,2,stop_loss_short,0.0,0,10609.852499144536,0,-2.0539120502562582
2025-05-05 00:13:08.191072,9423,2,stop_loss_short,0.0,0,10614.092196203193,0,-2.0539120502562582
2025-05-05 00:13:08.199072,9424,2,stop_loss_short,0.0,0,10618.333587444797,0,-2.0539120502562582
2025-05-05 00:13:08.207169,9425,2,stop_loss_short,0.0,0,10622.57667354634,0,-2.0539120502562582
2025-05-05 00:13:08.214168,9426,2,stop_loss_short,0.0,0,10626.821455185089,0,-2.0539120502562582
2025-05-05 00:13:08.221803,9427,2,open_short,6.906,-1,10626.821455185089,0,-2.0539120502562582
2025-05-05 00:13:08.238619,9431,2,stop_loss_short,0.0,0,10624.334942874419,0,-2.0539120502562582
2025-05-05 00:13:08.245621,9432,2,open_short,6.895,-1,10624.334942874419,0,-2.0539120502562582
2025-05-05 00:13:08.273871,9440,2,take_profit_short,0.0,0,10632.408661578154,0,-2.0539120502562582
2025-05-05 00:13:08.277519,9441,2,open_short,6.581,-1,10632.408661578154,0,-2.0539120502562582
2025-05-05 00:13:08.459146,9505,2,stop_loss_short,0.0,0,10619.150317037267,0,-2.0539120502562582
2025-05-05 00:13:08.466352,9506,2,stop_loss_short,0.0,0,10623.393729503956,0,-2.0539120502562582
2025-05-05 00:13:08.475074,9507,2,stop_loss_short,0.0,0,10627.638837638266,0,-2.0539120502562582
2025-05-05 00:13:08.483317,9508,2,open_short,7.011,-1,10627.638837638266,0,-2.0539120502562582
2025-05-05 00:13:08.505989,9515,2,stop_loss_short,0.0,0,10625.113806995014,0,-2.0539120502562582
2025-05-05 00:13:08.513738,9516,2,open_short,7.065,-1,10625.113806995014,0,-2.0539120502562582
2025-05-05 00:13:08.529472,9520,2,stop_loss_short,0.0,0,10622.505248404115,0,-2.0539120502562582
2025-05-05 00:13:08.530050,9521,2,stop_loss_short,0.0,0,10626.301833218748,0,-2.0539120502562582
2025-05-05 00:13:08.541922,9522,2,open_short,7.246,-1,10626.301833218748,0,-2.0539120502562582
2025-05-05 00:13:08.792509,9622,2,take_profit_short,0.0,0,10644.316700075078,0,-2.0539120502562582
2025-05-05 00:13:08.799509,9623,2,open_short,6.675,-1,10644.316700075078,0,-2.0539120502562582
2025-05-05 00:13:08.858038,9644,2,stop_loss_short,0.0,0,10636.541936732023,0,-2.0539120502562582
2025-05-05 00:13:08.869439,9645,2,stop_loss_short,0.0,0,10640.79229888994,0,-2.0539120502562582
2025-05-05 00:13:08.878579,9646,2,stop_loss_short,0.0,0,10645.044359492576,0,-2.0539120502562582
2025-05-05 00:13:08.885117,9647,2,stop_loss_short,0.0,0,10649.298119218629,0,-2.0539120502562582
2025-05-05 00:13:08.893262,9648,2,stop_loss_short,0.0,0,10653.553578747069,0,-2.0539120502562582
2025-05-05 00:13:08.900064,9649,2,open_short,6.957,-1,10653.553578747069,0,-2.0539120502562582
2025-05-05 00:13:08.941710,9663,2,take_profit_short,0.0,0,10660.120541681614,0,-2.0539120502562582
2025-05-05 00:13:08.949396,9664,2,open_short,6.776,-1,10660.120541681614,0,-2.0539120502562582
2025-05-05 00:13:09.224021,9776,2,take_profit_short,0.0,0,10679.812974577153,0,-2.0539120502562582
2025-05-05 00:13:09.246381,9777,2,open_short,6.189,-1,10679.812974577153,0,-2.0539120502562582
2025-05-05 00:13:09.340756,9812,2,stop_loss_short,0.0,0,10667.994557312393,0,-2.0539120502562582
2025-05-05 00:13:09.353531,9813,2,stop_loss_short,0.0,0,10672.257487937495,0,-2.0539120502562582
2025-05-05 00:13:09.362707,9814,2,stop_loss_short,0.0,0,10676.522122029675,0,-2.0539120502562582
2025-05-05 00:13:09.369810,9815,2,stop_loss_short,0.0,0,10680.788460269638,0,-2.0539120502562582
2025-05-05 00:13:09.378444,9816,2,stop_loss_short,0.0,0,10685.056503338361,0,-2.0539120502562582
2025-05-05 00:13:09.385442,9817,2,open_short,6.524,-1,10685.056503338361,0,-2.0539120502562582
2025-05-05 00:13:09.414756,9826,2,stop_loss_short,0.0,0,10682.73983493091,0,-2.0539120502562582
2025-05-05 00:13:09.421746,9827,2,stop_loss_short,0.0,0,10687.008657768947,0,-2.0539120502562582
2025-05-05 00:13:09.427565,9828,2,stop_loss_short,0.0,0,10691.279186428592,0,-2.0539120502562582
2025-05-05 00:13:09.436913,9829,2,open_short,6.596,-1,10691.279186428592,0,-2.0539120502562582
2025-05-05 00:13:09.453966,9834,2,stop_loss_short,0.0,0,10688.217217972844,0,-2.0539120502562582
2025-05-05 00:13:09.462725,9835,2,stop_loss_short,0.0,0,10691.81359824023,0,-2.0539120502562582
2025-05-05 00:13:09.469591,9836,2,stop_loss_short,0.0,0,10696.086046954086,0,-2.0539120502562582
2025-05-05 00:13:09.478457,9837,2,stop_loss_short,0.0,0,10700.36020293845,0,-2.0539120502562582
2025-05-05 00:13:09.485828,9838,2,stop_loss_short,0.0,0,10704.636066875544,0,-2.0539120502562582
2025-05-05 00:13:09.494350,9839,2,open_short,6.877,-1,10704.636066875544,0,-2.0539120502562582
2025-05-05 00:13:09.531400,9852,2,take_profit_short,0.0,0,10709.020388139512,0,-2.0539120502562582
2025-05-05 00:13:09.543064,9853,2,open_short,6.736,-1,10709.020388139512,0,-2.0539120502562582
2025-05-05 00:13:09.674662,9902,2,stop_loss_short,0.0,0,10699.842212167177,0,-2.0539120502562582
2025-05-05 00:13:09.682928,9903,2,open_short,7.025,-1,10699.842212167177,0,-2.0539120502562582
2025-05-05 00:13:09.740791,9923,2,stop_loss_short,0.0,0,10696.173644068991,0,-2.0539120502562582
2025-05-05 00:13:09.749705,9924,2,stop_loss_short,0.0,0,10700.44783505716,0,-2.0539120502562582
2025-05-05 00:13:09.757652,9925,2,stop_loss_short,0.0,0,10706.027333827258,0,-2.0539120502562582
2025-05-05 00:13:09.765044,9926,2,open_short,7.516,-1,10706.027333827258,0,-2.0539120502562582
2025-05-05 00:13:09.775363,9928,2,take_profit_short,0.0,0,10712.077687223215,0,-2.0539120502562582
2025-05-05 00:13:09.782170,9929,2,open_short,7.33,-1,10712.077687223215,0,-2.0539120502562582
2025-05-05 00:13:09.938979,9999,2,take_profit_short,0.0,0,10730.415633627934,0,-2.0539120502562582
2025-05-05 00:13:09.961698,10000,2,open_short,6.772,-1,10730.415633627934,0,-2.0539120502562582
2025-05-05 00:13:10.428756,10200,2,take_profit_short,0.0,0,10750.252027841392,0,-2.0539120502562582
2025-05-05 00:13:10.446527,10201,2,open_short,6.165,-1,10750.252027841392,0,-2.0539120502562582
2025-05-05 00:13:14.307640,11800,2,take_profit_short,0.0,0,10803.108636133988,0,-2.0539120502562582
2025-05-05 00:13:14.327942,11801,2,open_short,4.912,-1,10803.108636133988,0,-2.0539120502562582
2025-05-05 00:13:14.994549,12021,2,stop_loss_short,0.0,0,10786.188239441672,0,-2.0539120502562582
2025-05-05 00:13:15.002552,12022,2,stop_loss_short,0.0,0,10788.659387683487,0,-2.0539120502562582
2025-05-05 00:13:15.010764,12023,2,stop_loss_short,0.0,0,10792.970535974806,0,-2.0539120502562582
2025-05-05 00:13:15.018173,12024,2,stop_loss_short,0.0,0,10797.283407000981,0,-2.0539120502562582
2025-05-05 00:13:15.021697,12025,2,stop_loss_short,0.0,0,10801.598001450418,0,-2.0539120502562582
2025-05-05 00:13:15.030706,12026,2,stop_loss_short,0.0,0,10805.914320011798,0,-2.0539120502562582
2025-05-05 00:13:15.039706,12027,2,open_short,5.362,-1,10805.914320011798,0,-2.0539120502562582
2025-05-05 00:13:15.073251,12039,2,take_profit_short,0.0,0,10811.278861650711,0,-2.0539120502562582
2025-05-05 00:13:15.088483,12040,2,open_short,5.251,-1,10811.278861650711,0,-2.0539120502562582
2025-05-05 00:13:16.370173,12469,2,take_profit_short,0.0,0,10827.199148874923,0,-2.0539120502562582
2025-05-05 00:13:16.380660,12470,2,open_short,4.751,-1,10827.199148874923,0,-2.0539120502562582
2025-05-05 00:13:16.665050,12578,2,take_profit_short,0.0,0,10862.126439127755,0,-2.0539120502562582
2025-05-05 00:13:16.677463,12579,2,open_short,3.82,-1,10862.126439127755,0,-2.0539120502562582
2025-05-05 00:13:17.370517,12854,2,stop_loss_short,0.0,0,10822.90667156082,0,-2.0539120502562582
2025-05-05 00:13:17.386733,12855,2,stop_loss_short,0.0,0,10827.231505066777,0,-2.0539120502562582
2025-05-05 00:13:17.394588,12856,2,stop_loss_short,0.0,0,10831.5580667762,0,-2.0539120502562582
2025-05-05 00:13:17.402303,12857,2,open_short,4.745,-1,10831.5580667762,0,-2.0539120502562582
2025-05-05 00:13:17.421965,12862,2,stop_loss_short,0.0,0,10828.316067863268,0,-2.0539120502562582
2025-05-05 00:13:17.430733,12863,2,stop_loss_short,0.0,0,10832.643062963987,0,-2.0539120502562582
2025-05-05 00:13:17.438622,12864,2,stop_loss_short,0.0,0,10836.971787131948,0,-2.0539120502562582
2025-05-05 00:13:17.447622,12865,2,stop_loss_short,0.0,0,10841.302241058085,0,-2.0539120502562582
2025-05-05 00:13:17.455985,12866,2,stop_loss_short,0.0,0,10845.634425433613,0,-2.0539120502562582
2025-05-05 00:13:17.464569,12867,2,open_short,4.833,-1,10845.634425433613,0,-2.0539120502562582
2025-05-05 00:13:17.656079,12937,2,stop_loss_short,0.0,0,10842.555498060543,0,-2.0539120502562582
2025-05-05 00:13:17.667708,12938,2,stop_loss_short,0.0,0,10847.17465577079,0,-2.0539120502562582
2025-05-05 00:13:17.675737,12939,2,stop_loss_short,0.0,0,10850.215993356802,0,-2.0539120502562582
2025-05-05 00:13:17.685654,12940,2,stop_loss_short,0.0,0,10854.551739667748,0,-2.0539120502562582
2025-05-05 00:13:17.692650,12941,2,stop_loss_short,0.0,0,10858.88921854292,0,-2.0539120502562582
2025-05-05 00:13:17.700651,12942,2,stop_loss_short,0.0,0,10863.30960504496,0,-2.0539120502562582
2025-05-05 00:13:17.708931,12943,2,open_short,5.38,-1,10863.30960504496,0,-2.0539120502562582
2025-05-05 00:13:17.774765,12966,2,stop_loss_short,0.0,0,10860.404476407017,0,-2.0539120502562582
2025-05-05 00:13:17.782766,12967,2,open_short,5.458,-1,10860.404476407017,0,-2.0539120502562582
2025-05-05 00:13:17.806082,12974,2,take_profit_short,0.0,0,10868.009490156484,0,-2.0539120502562582
2025-05-05 00:13:17.808301,12975,2,open_short,5.22,-1,10868.009490156484,0,-2.0539120502562582
2025-05-05 00:13:18.101192,13096,2,stop_loss_short,0.0,0,10855.15157991561,0,-2.0539120502562582
2025-05-05 00:13:18.121950,13097,2,stop_loss_short,0.0,0,10859.489298486944,0,-2.0539120502562582
2025-05-05 00:13:18.130609,13098,2,open_short,5.547,-1,10859.489298486944,0,-2.0539120502562582
2025-05-05 00:13:18.174914,13113,2,stop_loss_short,0.0,0,10857.266297148195,0,-2.0539120502562582
2025-05-05 00:13:18.183844,13114,2,open_short,5.587,-1,10857.266297148195,0,-2.0539120502562582
2025-05-05 00:13:18.224930,13129,2,stop_loss_short,0.0,0,10853.268663777993,0,-2.0539120502562582
2025-05-05 00:13:18.238407,13130,2,open_short,5.696,-1,10853.268663777993,0,-2.0539120502562582
2025-05-05 00:13:18.291540,13148,2,take_profit_short,0.0,0,10859.95423003541,0,-2.0539120502562582
2025-05-05 00:13:18.299222,13149,2,open_short,5.523,-1,10859.95423003541,0,-2.0539120502562582
2025-05-05 00:13:18.888339,13388,2,stop_loss_short,0.0,0,10850.320547973259,0,-2.0539120502562582
2025-05-05 00:13:18.909221,13389,2,stop_loss_short,0.0,0,10854.656336064229,0,-2.0539120502562582
2025-05-05 00:13:18.915630,13390,2,stop_loss_short,0.0,0,10857.387772255595,0,-2.0539120502562582
2025-05-05 00:13:18.926894,13391,2,stop_loss_short,0.0,0,10861.726384409389,0,-2.0539120502562582
2025-05-05 00:13:18.933742,13392,2,stop_loss_short,0.0,0,10866.066730272598,0,-2.0539120502562582
2025-05-05 00:13:18.943474,13393,2,stop_loss_short,0.0,0,10870.408810538014,0,-2.0539120502562582
2025-05-05 00:13:18.950542,13394,2,stop_loss_short,0.0,0,10874.752625898705,0,-2.0539120502562582
2025-05-05 00:13:18.959668,13395,2,open_short,5.929,-1,10874.752625898705,0,-2.0539120502562582
2025-05-05 00:13:18.990103,13405,2,stop_loss_short,0.0,0,10872.553898127406,0,-2.0539120502562582
2025-05-05 00:13:18.990103,13406,2,stop_loss_short,0.0,0,10874.82673646656,0,-2.0539120502562582
2025-05-05 00:13:19.006651,13407,2,open_short,5.993,-1,10874.82673646656,0,-2.0539120502562582
2025-05-05 00:13:19.249591,13493,2,stop_loss_short,0.0,0,10869.068209921003,0,-2.0539120502562582
2025-05-05 00:13:19.257176,13494,2,open_short,6.147,-1,10869.068209921003,0,-2.0539120502562582
2025-05-05 00:13:19.304426,13506,2,take_profit_short,0.0,0,10879.129290372528,0,-2.0539120502562582
2025-05-05 00:13:19.312280,13507,2,open_short,5.887,-1,10879.129290372528,0,-2.0539120502562582
2025-05-05 00:13:19.529316,13570,2,stop_loss_short,0.0,0,10865.505273076584,0,-2.0539120502562582
2025-05-05 00:13:19.538797,13571,2,open_short,6.192,-1,10865.505273076584,0,-2.0539120502562582
2025-05-05 00:13:19.728976,13643,2,take_profit_short,0.0,0,10880.023026368233,0,-2.0539120502562582
2025-05-05 00:13:19.736999,13644,2,open_short,5.758,-1,10880.023026368233,0,-2.0539120502562582
2025-05-05 00:13:20.065536,13769,2,stop_loss_short,0.0,0,10863.7905678375,0,-2.0539120502562582
2025-05-05 00:13:20.075136,13770,2,stop_loss_short,0.0,0,10868.131738548407,0,-2.0539120502562582
2025-05-05 00:13:20.083306,13771,2,stop_loss_short,0.0,0,10872.47464399113,0,-2.0539120502562582
2025-05-05 00:13:20.089945,13772,2,stop_loss_short,0.0,0,10876.81928485887,0,-2.0539120502562582
2025-05-05 00:13:20.089945,13773,2,stop_loss_short,0.0,0,10881.1656618451,0,-2.0539120502562582
2025-05-05 00:13:20.106451,13774,2,stop_loss_short,0.0,0,10885.513775643572,0,-2.0539120502562582
2025-05-05 00:13:20.106451,13775,2,stop_loss_short,0.0,0,10889.86362694832,0,-2.0539120502562582
2025-05-05 00:13:20.123276,13776,2,stop_loss_short,0.0,0,10894.215216453647,0,-2.0539120502562582
2025-05-05 00:13:20.123276,13777,2,stop_loss_short,0.0,0,10898.568544854143,0,-2.0539120502562582
2025-05-05 00:13:20.139854,13778,2,stop_loss_short,0.0,0,10902.923612844666,0,-2.0539120502562582
2025-05-05 00:13:20.139854,13779,2,stop_loss_short,0.0,0,10907.280421120358,0,-2.0539120502562582
2025-05-05 00:13:20.156532,13780,2,open_short,6.342,-1,10907.280421120358,0,-2.0539120502562582
2025-05-05 00:13:20.206550,13798,2,stop_loss_short,0.0,0,10904.350926487352,0,-2.0539120502562582
2025-05-05 00:13:20.223223,13799,2,stop_loss_short,0.0,0,10908.708305117576,0,-2.0539120502562582
2025-05-05 00:13:20.235004,13800,2,stop_loss_short,0.0,0,10913.067424956302,0,-2.0539120502562582
2025-05-05 00:13:20.243292,13801,2,open_short,6.486,-1,10913.067424956302,0,-2.0539120502562582
2025-05-05 00:13:20.287795,13815,2,stop_loss_short,0.0,0,10909.952523711292,0,-2.0539120502562582
2025-05-05 00:13:20.296636,13816,2,open_short,6.527,-1,10909.952523711292,0,-2.0539120502562582
2025-05-05 00:13:20.356628,13840,2,stop_loss_short,0.0,0,10906.092718719096,0,-2.0539120502562582
2025-05-05 00:13:20.373316,13841,2,stop_loss_short,0.0,0,10910.450793369495,0,-2.0539120502562582
2025-05-05 00:13:20.383558,13842,2,stop_loss_short,0.0,0,10914.810609506525,0,-2.0539120502562582
2025-05-05 00:13:20.392778,13843,2,open_short,6.611,-1,10914.810609506525,0,-2.0539120502562582
2025-05-05 00:13:20.425565,13853,2,take_profit_short,0.0,0,10920.452020454373,0,-2.0539120502562582
2025-05-05 00:13:20.434312,13854,2,open_short,6.36,-1,10920.452020454373,0,-2.0539120502562582
2025-05-05 00:13:21.265936,14195,2,take_profit_short,0.0,0,10946.20289644821,0,-2.0539120502562582
2025-05-05 00:13:21.278943,14196,2,open_short,5.7,-1,10946.20289644821,0,-2.0539120502562582
2025-05-05 00:13:21.724395,14343,2,take_profit_short,0.0,0,10998.764759515316,0,-2.0539120502562582
2025-05-05 00:13:21.736809,14344,2,open_short,4.625,-1,10998.764759515316,0,-2.0539120502562582
2025-05-05 00:13:21.791102,14366,2,stop_loss_short,0.0,0,10989.423117769877,0,-2.0539120502562582
2025-05-05 00:13:21.810419,14367,2,stop_loss_short,0.0,0,10993.814491247738,0,-2.0539120502562582
2025-05-05 00:13:21.817987,14368,2,open_short,4.799,-1,10993.814491247738,0,-2.0539120502562582
2025-05-05 00:13:21.869964,14388,2,take_profit_short,0.0,0,10999.655665444254,0,-2.0539120502562582
2025-05-05 00:13:21.890863,14389,2,open_short,4.651,-1,10999.655665444254,0,-2.0539120502562582
2025-05-05 00:13:22.404205,14583,2,take_profit_short,0.0,0,11019.714938706047,0,-2.0539120502562582
2025-05-05 00:13:22.420314,14584,2,open_short,4.265,-1,11019.714938706047,0,-2.0539120502562582
2025-05-05 00:13:22.529390,14620,2,stop_loss_short,0.0,0,11011.789668803673,0,-2.0539120502562582
2025-05-05 00:13:22.539412,14621,2,stop_loss_short,0.0,0,11016.189979955327,0,-2.0539120502562582
2025-05-05 00:13:22.547566,14622,2,open_short,4.412,-1,11016.189979955327,0,-2.0539120502562582
2025-05-05 00:13:22.596606,14641,2,stop_loss_short,0.0,0,11013.77288665318,0,-2.0539120502562582
2025-05-05 00:13:22.616657,14642,2,stop_loss_short,0.0,0,11018.173990298686,0,-2.0539120502562582
2025-05-05 00:13:22.625476,14643,2,open_short,4.416,-1,11018.173990298686,0,-2.0539120502562582
2025-05-05 00:13:22.856621,14732,2,stop_loss_short,0.0,0,11013.931090183405,0,-2.0539120502562582
2025-05-05 00:13:22.866700,14733,2,open_short,4.477,-1,11013.931090183405,0,-2.0539120502562582
2025-05-05 00:13:22.889929,14744,2,take_profit_short,0.0,0,11020.00445752053,0,-2.0539120502562582
2025-05-05 00:13:22.906785,14745,2,open_short,4.356,-1,11020.00445752053,0,-2.0539120502562582
2025-05-05 00:13:24.220699,15295,2,stop_loss_short,0.0,0,11011.28017474468,0,-2.0539120502562582
2025-05-05 00:13:24.233984,15296,2,stop_loss_short,0.0,0,11015.680282302506,0,-2.0539120502562582
2025-05-05 00:13:24.243540,15297,2,stop_loss_short,0.0,0,11020.082148143314,0,-2.0539120502562582
2025-05-05 00:13:24.251737,15298,2,open_short,4.551,-1,11020.082148143314,0,-2.0539120502562582
2025-05-05 00:13:24.285594,15308,2,stop_loss_short,0.0,0,11017.537245097237,0,-2.0539120502562582
2025-05-05 00:13:24.295159,15309,2,stop_loss_short,0.0,0,11021.939852980378,0,-2.0539120502562582
2025-05-05 00:13:24.302755,15310,2,open_short,4.621,-1,11021.939852980378,0,-2.0539120502562582
2025-05-05 00:13:24.429960,15328,2,take_profit_short,0.0,0,11027.383452847542,0,-2.0539120502562582
2025-05-05 00:13:24.441245,15329,2,open_short,4.477,-1,11027.383452847542,0,-2.0539120502562582
2025-05-05 00:13:25.005739,15559,2,take_profit_short,0.0,0,11050.329663416567,0,-2.0539120502562582
2025-05-05 00:13:25.022637,15560,2,open_short,4.075,-1,11050.329663416567,0,-2.0539120502562582
2025-05-05 00:13:25.252439,15651,2,stop_loss_short,0.0,0,11046.434995141488,0,-2.0539120502562582
2025-05-05 00:13:25.267635,15652,2,stop_loss_short,0.0,0,11050.849150565546,0,-2.0539120502562582
2025-05-05 00:13:25.276787,15653,2,open_short,4.16,-1,11050.849150565546,0,-2.0539120502562582
2025-05-05 00:13:25.357267,15681,2,take_profit_short,0.0,0,11058.104581861471,0,-2.0539120502562582
2025-05-05 00:13:25.367268,15682,2,open_short,3.936,-1,11058.104581861471,0,-2.0539120502562582
2025-05-05 00:13:25.631716,15795,2,stop_loss_short,0.0,0,11044.910952893346,0,-2.0539120502562582
2025-05-05 00:13:25.648992,15796,2,stop_loss_short,0.0,0,11049.324499310122,0,-2.0539120502562582
2025-05-05 00:13:25.658205,15797,2,open_short,4.134,-1,11049.324499310122,0,-2.0539120502562582
2025-05-05 00:13:25.708106,15814,2,stop_loss_short,0.0,0,11043.246494314193,0,-2.0539120502562582
2025-05-05 00:13:25.717797,15815,2,stop_loss_short,0.0,0,11047.65937561332,0,-2.0539120502562582
2025-05-05 00:13:25.727284,15816,2,stop_loss_short,0.0,0,11052.074020299815,0,-2.0539120502562582
2025-05-05 00:13:25.735923,15817,2,open_short,4.299,-1,11052.074020299815,0,-2.0539120502562582
2025-05-05 00:13:25.791480,15836,2,stop_loss_short,0.0,0,11049.517996154285,0,-2.0539120502562582
2025-05-05 00:13:25.803293,15837,2,open_short,4.378,-1,11049.517996154285,0,-2.0539120502562582
2025-05-05 00:13:25.816644,15840,2,stop_loss_short,0.0,0,11047.195148522884,0,-2.0539120502562582
2025-05-05 00:13:25.825322,15841,2,open_short,4.373,-1,11047.195148522884,0,-2.0539120502562582
2025-05-05 00:13:25.972237,15900,2,take_profit_short,0.0,0,11060.812741819736,0,-2.0539120502562582
2025-05-05 00:13:25.986537,15901,2,open_short,4.045,-1,11060.812741819736,0,-2.0539120502562582
2025-05-05 00:13:26.339341,16047,2,stop_loss_short,0.0,0,11044.060784649771,0,-2.0539120502562582
2025-05-05 00:13:26.354022,16048,2,stop_loss_short,0.0,0,11052.373989759652,0,-2.0539120502562582
2025-05-05 00:13:26.363043,16049,2,stop_loss_short,0.0,0,11057.10030246655,0,-2.0539120502562582
2025-05-05 00:13:26.371017,16050,2,open_short,4.755,-1,11057.10030246655,0,-2.0539120502562582
2025-05-05 00:13:26.573461,16131,2,stop_loss_short,0.0,0,11052.391187922483,0,-2.0539120502562582
2025-05-05 00:13:26.588875,16132,2,open_short,4.812,-1,11052.391187922483,0,-2.0539120502562582
2025-05-05 00:13:26.657369,16158,2,stop_loss_short,0.0,0,11048.078508759152,0,-2.0539120502562582
2025-05-05 00:13:26.675344,16159,2,open_short,4.978,-1,11048.078508759152,0,-2.0539120502562582
2025-05-05 00:13:26.690507,16162,2,stop_loss_short,0.0,0,11044.504820722506,0,-2.0539120502562582
2025-05-05 00:13:26.699484,16163,2,open_short,5.022,-1,11044.504820722506,0,-2.0539120502562582
2025-05-05 00:13:26.726678,16172,2,stop_loss_short,0.0,0,11040.775562573775,0,-2.0539120502562582
2025-05-05 00:13:26.738307,16173,2,stop_loss_short,0.0,0,11045.18745648858,0,-2.0539120502562582
2025-05-05 00:13:26.748961,16174,2,open_short,5.043,-1,11045.18745648858,0,-2.0539120502562582
2025-05-05 00:13:26.843522,16207,2,stop_loss_short,0.0,0,11040.319141273008,0,-2.0539120502562582
2025-05-05 00:13:26.852073,16208,2,stop_loss_short,0.0,0,11044.73085280186,0,-2.0539120502562582
2025-05-05 00:13:26.861198,16209,2,open_short,5.153,-1,11044.73085280186,0,-2.0539120502562582
2025-05-05 00:13:26.906661,16228,2,stop_loss_short,0.0,0,11040.347436067828,0,-2.0539120502562582
2025-05-05 00:13:26.929393,16229,2,open_short,5.173,-1,11040.347436067828,0,-2.0539120502562582
2025-05-05 00:13:26.964414,16239,2,take_profit_short,0.0,0,11050.709044671037,0,-2.0539120502562582
2025-05-05 00:13:26.976795,16240,2,open_short,4.844,-1,11050.709044671037,0,-2.0539120502562582
2025-05-05 00:13:27.079291,16276,2,stop_loss_short,0.0,0,11028.42491059096,0,-2.0539120502562582
2025-05-05 00:13:27.087291,16277,2,open_short,5.31,-1,11028.42491059096,0,-2.0539120502562582
2025-05-05 00:13:27.111983,16284,2,stop_loss_short,0.0,0,11024.603615716409,0,-2.0539120502562582
2025-05-05 00:13:27.121153,16285,2,stop_loss_short,0.0,0,11029.00904732125,0,-2.0539120502562582
2025-05-05 00:13:27.131390,16286,2,stop_loss_short,0.0,0,11033.416239336559,0,-2.0539120502562582
2025-05-05 00:13:27.138850,16287,2,open_short,5.46,-1,11033.416239336559,0,-2.0539120502562582
2025-05-05 00:13:27.164015,16294,2,take_profit_short,0.0,0,11039.611881789344,0,-2.0539120502562582
2025-05-05 00:13:27.171749,16295,2,open_short,5.315,-1,11039.611881789344,0,-2.0539120502562582
2025-05-05 00:13:27.275082,16333,2,stop_loss_short,0.0,0,11030.88466470855,0,-2.0539120502562582
2025-05-05 00:13:27.284479,16334,2,open_short,5.483,-1,11030.88466470855,0,-2.0539120502562582
2025-05-05 00:13:27.303121,16339,2,take_profit_short,0.0,0,11037.211853481782,0,-2.0539120502562582
2025-05-05 00:13:27.313219,16340,2,open_short,5.228,-1,11037.211853481782,0,-2.0539120502562582
2025-05-05 00:13:27.822833,16549,2,stop_loss_short,0.0,0,11021.747372918488,0,-2.0539120502562582
2025-05-05 00:13:27.832603,16550,2,stop_loss_short,0.0,0,11026.151663168706,0,-2.0539120502562582
2025-05-05 00:13:27.842543,16551,2,stop_loss_short,0.0,0,11030.557713373308,0,-2.0539120502562582
2025-05-05 00:13:27.851725,16552,2,stop_loss_short,0.0,0,11034.965524235571,0,-2.0539120502562582
2025-05-05 00:13:27.861046,16553,2,stop_loss_short,0.0,0,11039.375096459056,0,-2.0539120502562582
2025-05-05 00:13:27.869618,16554,2,stop_loss_short,0.0,0,11043.786430747601,0,-2.0539120502562582
2025-05-05 00:13:27.879375,16555,2,stop_loss_short,0.0,0,11048.915453962392,0,-2.0539120502562582
2025-05-05 00:13:27.887629,16556,2,open_short,6.09,-1,11048.915453962392,0,-2.0539120502562582
2025-05-05 00:13:27.908863,16562,2,stop_loss_short,0.0,0,11044.656470089012,0,-2.0539120502562582
2025-05-05 00:13:27.917604,16563,2,open_short,6.14,-1,11044.656470089012,0,-2.0539120502562582
2025-05-05 00:13:27.941545,16572,2,stop_loss_short,0.0,0,11039.291215212797,0,-2.0539120502562582
2025-05-05 00:13:27.958189,16573,2,open_short,6.226,-1,11039.291215212797,0,-2.0539120502562582
2025-05-05 00:13:27.988822,16582,2,stop_loss_short,0.0,0,11032.804008198682,0,-2.0539120502562582
2025-05-05 00:13:27.998397,16583,2,open_short,6.457,-1,11032.804008198682,0,-2.0539120502562582
2025-05-05 00:13:28.012703,16586,2,take_profit_short,0.0,0,11041.065885159496,0,-2.0539120502562582
2025-05-05 00:13:28.020427,16587,2,open_short,6.2,-1,11041.065885159496,0,-2.0539120502562582
2025-05-05 00:13:28.972242,16942,2,stop_loss_short,0.0,0,11027.655017396644,0,-2.0539120502562582
2025-05-05 00:13:28.990359,16943,2,stop_loss_short,0.0,0,11032.061668341596,0,-2.0539120502562582
2025-05-05 00:13:28.998406,16944,2,stop_loss_short,0.0,0,11036.470080184265,0,-2.0539120502562582
2025-05-05 00:13:29.007984,16945,2,stop_loss_short,0.0,0,11040.880253628306,0,-2.0539120502562582
2025-05-05 00:13:29.016867,16946,2,open_short,6.8,-1,11040.880253628306,0,-2.0539120502562582
2025-05-05 00:13:29.031270,16950,2,take_profit_short,0.0,0,11045.996504421979,0,-2.0539120502562582
2025-05-05 00:13:29.043791,16951,2,open_short,6.654,-1,11045.996504421979,0,-2.0539120502562582
2025-05-05 00:13:29.082382,16964,2,stop_loss_short,0.0,0,11038.88335522913,0,-2.0539120502562582
2025-05-05 00:13:29.097114,16965,2,open_short,6.842,-1,11038.88335522913,0,-2.0539120502562582
2025-05-05 00:13:29.173295,16992,2,take_profit_short,0.0,0,11059.387029908921,0,-2.0539120502562582
2025-05-05 00:13:29.185034,16993,2,open_short,6.25,-1,11059.387029908921,0,-2.0539120502562582
2025-05-05 00:13:29.962356,17315,2,stop_loss_short,0.0,0,11042.843904938632,0,-2.0539120502562582
2025-05-05 00:13:29.973076,17316,2,open_short,6.783,-1,11042.843904938632,0,-2.0539120502562582
2025-05-05 00:13:29.981733,17317,2,stop_loss_short,0.0,0,11040.488246942625,0,-2.0539120502562582
2025-05-05 00:13:29.991601,17318,2,stop_loss_short,0.0,0,11044.11265470469,0,-2.0539120502562582
2025-05-05 00:13:29.999560,17319,2,open_short,7.012,-1,11044.11265470469,0,-2.0539120502562582
2025-05-05 00:13:30.024658,17326,2,take_profit_short,0.0,0,11050.81316213294,0,-2.0539120502562582
2025-05-05 00:13:30.034275,17327,2,open_short,6.855,-1,11050.81316213294,0,-2.0539120502562582
2025-05-05 00:13:30.129943,17361,2,stop_loss_short,0.0,0,11040.989964970953,0,-2.0539120502562582
2025-05-05 00:13:30.141025,17362,2,stop_loss_short,0.0,0,11046.233904387489,0,-2.0539120502562582
2025-05-05 00:13:30.144441,17363,2,stop_loss_short,0.0,0,11050.083051935808,0,-2.0539120502562582
2025-05-05 00:13:30.158963,17364,2,open_short,7.65,-1,11050.083051935808,0,-2.0539120502562582
2025-05-05 00:13:30.167121,17365,2,take_profit_short,0.0,0,11059.113059689658,0,-2.0539120502562582
2025-05-05 00:13:30.177608,17366,2,open_short,7.36,-1,11059.113059689658,0,-2.0539120502562582
2025-05-05 00:13:30.284540,17405,2,stop_loss_short,0.0,0,11046.843654977869,0,-2.0539120502562582
2025-05-05 00:13:30.293874,17406,2,stop_loss_short,0.0,0,11051.257973702399,0,-2.0539120502562582
2025-05-05 00:13:30.302740,17407,2,open_short,7.692,-1,11051.257973702399,0,-2.0539120502562582
2025-05-05 00:13:30.337181,17417,2,stop_loss_short,0.0,0,11041.73130043044,0,-2.0539120502562582
2025-05-05 00:13:30.346978,17418,2,open_short,8.054,-1,11041.73130043044,0,-2.0539120502562582
2025-05-05 00:13:30.366031,17423,2,take_profit_short,0.0,0,11053.654805881,0,-2.0539120502562582
2025-05-05 00:13:30.374817,17424,2,open_short,7.767,-1,11053.654805881,0,-2.0539120502562582
2025-05-05 00:13:30.721972,17554,2,take_profit_short,0.0,0,11086.107875135725,0,-2.0539120502562582
2025-05-05 00:13:30.727851,17555,2,open_short,6.614,-1,11086.107875135725,0,-2.0539120502562582
2025-05-05 00:13:33.490060,18592,2,stop_loss_short,0.0,0,11063.293657914475,0,-2.0539120502562582
2025-05-05 00:13:33.509663,18593,2,stop_loss_short,0.0,0,11067.714550060178,0,-2.0539120502562582
2025-05-05 00:13:33.518997,18594,2,open_short,7.36,-1,11067.714550060178,0,-2.0539120502562582
2025-05-05 00:13:33.530754,18596,2,stop_loss_short,0.0,0,11065.369335668971,0,-2.0539120502562582
2025-05-05 00:13:33.539547,18597,2,stop_loss_short,0.0,0,11069.791057255505,0,-2.0539120502562582
2025-05-05 00:13:33.549545,18598,2,stop_loss_short,0.0,0,11074.214545761984,0,-2.0539120502562582
2025-05-05 00:13:33.559739,18599,2,open_short,7.464,-1,11074.214545761984,0,-2.0539120502562582
2025-05-05 00:13:33.658359,18634,2,stop_loss_short,0.0,0,11068.17147261969,0,-2.0539120502562582
2025-05-05 00:13:33.667459,18635,2,open_short,7.531,-1,11068.17147261969,0,-2.0539120502562582
2025-05-05 00:13:33.697088,18643,2,stop_loss_short,0.0,0,11063.37892010526,0,-2.0539120502562582
2025-05-05 00:13:33.705719,18644,2,stop_loss_short,0.0,0,11067.799846321734,0,-2.0539120502562582
2025-05-05 00:13:33.715206,18645,2,stop_loss_short,0.0,0,11072.222539140324,0,-2.0539120502562582
2025-05-05 00:13:33.725275,18646,2,stop_loss_short,0.0,0,11076.069410974224,0,-2.0539120502562582
2025-05-05 00:13:33.733613,18647,2,open_short,7.798,-1,11076.069410974224,0,-2.0539120502562582
2025-05-05 00:13:33.897280,18709,2,take_profit_short,0.0,0,11086.101027002074,0,-2.0539120502562582
2025-05-05 00:13:33.907453,18710,2,open_short,7.274,-1,11086.101027002074,0,-2.0539120502562582
2025-05-05 00:13:34.069680,18780,2,stop_loss_short,0.0,0,11076.300833938081,0,-2.0539120502562582
2025-05-05 00:13:34.091211,18781,2,stop_loss_short,0.0,0,11080.726923751323,0,-2.0539120502562582
2025-05-05 00:13:34.101597,18782,2,open_short,11.365,-1,11080.726923751323,0,-2.0539120502562582
2025-05-05 00:13:34.537340,18963,2,stop_loss_short,0.0,0,11058.613811049107,0,-2.0539120502562582
2025-05-05 00:13:34.559335,18964,2,open_short,12.435,-1,11058.613811049107,0,-2.0539120502562582
2025-05-05 00:13:34.771310,19047,2,stop_loss_short,0.0,0,11041.428904476319,0,-2.0539120502562582
2025-05-05 00:13:34.782722,19048,2,open_short,13.394,-1,11041.428904476319,0,-2.0539120502562582
2025-05-05 00:13:34.792589,19049,2,take_profit_short,0.0,0,11052.854440274628,0,-2.0539120502562582
2025-05-05 00:13:34.801643,19050,2,open_short,11.965,-1,11052.854440274628,0,-2.0539120502562582
2025-05-05 00:13:34.825011,19058,2,stop_loss_short,0.0,0,11020.222206285047,0,-2.0539120502562582
2025-05-05 00:13:34.837692,19059,2,open_short,14.44,-1,11020.222206285047,0,-2.0539120502562582
2025-05-05 00:13:34.847564,19060,2,stop_loss_short,0.0,0,11017.841677441946,0,-2.0539120502562582
2025-05-05 00:13:34.859215,19061,2,stop_loss_short,0.0,0,11022.244406976251,0,-2.0539120502562582
2025-05-05 00:13:34.867950,19062,2,stop_loss_short,0.0,0,11026.64889584128,0,-2.0539120502562582
2025-05-05 00:13:34.877733,19063,2,stop_loss_short,0.0,0,11033.893212212579,0,-2.0539120502562582
2025-05-05 00:13:34.886395,19064,2,stop_loss_short,0.0,0,11038.302355940179,0,-2.0539120502562582
2025-05-05 00:13:34.891499,19065,2,open_short,15.59,-1,11038.302355940179,0,-2.0539120502562582
2025-05-05 00:13:34.910696,19068,2,stop_loss_short,0.0,0,11034.62183020377,0,-2.0539120502562582
2025-05-05 00:13:34.919853,19069,2,open_short,15.728,-1,11034.62183020377,0,-2.0539120502562582
2025-05-05 00:13:35.412657,19274,2,take_profit_short,0.0,0,11079.904770588979,0,-2.0539120502562582
2025-05-05 00:13:35.428126,19275,2,open_short,12.877,-1,11079.904770588979,0,-2.0539120502562582
2025-05-05 00:13:36.934471,19918,2,take_profit_short,0.0,0,11153.207334597737,0,-2.0539120502562582
2025-05-05 00:13:36.945651,19919,2,open_short,9.268,-1,11153.207334597737,0,-2.0539120502562582
2025-05-05 00:13:39.445910,20992,2,stop_loss_short,0.0,0,11113.093197562253,0,-2.0539120502562582
2025-05-05 00:13:39.469504,20993,2,open_short,11.057,-1,11113.093197562253,0,-2.0539120502562582
2025-05-05 00:13:39.520905,21009,2,stop_loss_short,0.0,0,11105.186571634522,0,-2.0539120502562582
2025-05-05 00:13:39.531133,21010,2,open_short,11.568,-1,11105.186571634522,0,-2.0539120502562582
2025-05-05 00:13:39.564790,21020,2,take_profit_short,0.0,0,11110.530732158995,0,-2.0539120502562582
2025-05-05 00:13:39.575592,21021,2,open_short,11.167,-1,11110.530732158995,0,-2.0539120502562582
2025-05-05 00:13:39.903603,21161,2,take_profit_short,0.0,0,11138.924076218414,0,-2.0539120502562582
2025-05-05 00:13:39.926778,21162,2,open_short,9.902,-1,11138.924076218414,0,-2.0539120502562582
2025-05-05 00:13:39.975253,21183,2,take_profit_short,0.0,0,11146.859157912475,0,-2.0539120502562582
2025-05-05 00:13:39.998372,21184,2,open_short,9.457,-1,11146.859157912475,0,-2.0539120502562582
2025-05-05 00:13:40.124079,21228,2,stop_loss_short,0.0,0,11135.664349513607,0,-2.0539120502562582
2025-05-05 00:13:40.133414,21229,2,stop_loss_short,0.0,0,11143.509392863838,0,-2.0539120502562582
2025-05-05 00:13:40.143818,21230,2,open_short,10.304,-1,11143.509392863838,0,-2.0539120502562582
2025-05-05 00:13:40.152614,21231,2,stop_loss_short,0.0,0,11140.37093181843,0,-2.0539120502562582
2025-05-05 00:13:40.163746,21232,2,stop_loss_short,0.0,0,11153.17659199356,0,-2.0539120502562582
2025-05-05 00:13:40.172779,21233,2,open_short,11.508,-1,11153.17659199356,0,-2.0539120502562582
2025-05-05 00:13:40.291052,21281,2,take_profit_short,0.0,0,11172.722137883864,0,-2.0539120502562582
2025-05-05 00:13:40.308648,21282,2,open_short,10.632,-1,11172.722137883864,0,-2.0539120502562582
2025-05-05 00:13:40.602865,21391,2,take_profit_short,0.0,0,11203.017431232865,0,-2.0539120502562582
2025-05-05 00:13:40.613364,21392,2,open_short,9.418,-1,11203.017431232865,0,-2.0539120502562582
2025-05-05 00:13:40.807857,21459,2,stop_loss_short,0.0,0,11176.623706035496,0,-2.0539120502562582
2025-05-05 00:13:40.818363,21460,2,stop_loss_short,0.0,0,11181.089884868428,0,-2.0539120502562582
2025-05-05 00:13:40.827002,21461,2,open_short,10.658,-1,11181.089884868428,0,-2.0539120502562582
2025-05-05 00:13:40.850412,21467,2,stop_loss_short,0.0,0,11176.721993233892,0,-2.0539120502562582
2025-05-05 00:13:40.860169,21468,2,open_short,10.677,-1,11176.721993233892,0,-2.0539120502562582
2025-05-05 00:13:40.930052,21491,2,stop_loss_short,0.0,0,11169.851492451658,0,-2.0539120502562582
2025-05-05 00:13:40.942529,21492,2,stop_loss_short,0.0,0,11173.901865453969,0,-2.0539120502562582
2025-05-05 00:13:40.951528,21493,2,open_short,11.544,-1,11173.901865453969,0,-2.0539120502562582
2025-05-05 00:13:41.047995,21525,2,stop_loss_short,0.0,0,11169.132742692489,0,-2.0539120502562582
2025-05-05 00:13:41.056844,21526,2,open_short,11.532,-1,11169.132742692489,0,-2.0539120502562582
2025-05-05 00:13:41.130995,21550,2,take_profit_short,0.0,0,11190.189123260974,0,-2.0539120502562582
2025-05-05 00:13:41.141136,21551,2,open_short,10.012,-1,11190.189123260974,0,-2.0539120502562582
2025-05-05 00:13:42.261268,21959,2,take_profit_short,0.0,0,11263.44825526093,0,-2.0539120502562582
2025-05-05 00:13:42.270445,21960,2,open_short,6.942,-1,11263.44825526093,0,-2.0539120502562582
2025-05-05 00:13:42.612428,22082,2,stop_loss_short,0.0,0,11228.148349812003,0,-2.0539120502562582
2025-05-05 00:13:42.622432,22083,2,open_short,8.235,-1,11228.148349812003,0,-2.0539120502562582
2025-05-05 00:13:42.654531,22092,2,take_profit_short,0.0,0,11233.517705779794,0,-2.0539120502562582
2025-05-05 00:13:42.662378,22093,2,open_short,8.096,-1,11233.517705779794,0,-2.0539120502562582
2025-05-05 00:13:42.869238,22179,2,stop_loss_short,0.0,0,11226.831406811685,0,-2.0539120502562582
2025-05-05 00:13:42.890878,22180,2,stop_loss_short,0.0,0,11231.317648641847,0,-2.0539120502562582
2025-05-05 00:13:42.901438,22181,2,stop_loss_short,0.0,0,11235.805683174245,0,-2.0539120502562582
2025-05-05 00:13:42.912130,22182,2,stop_loss_short,0.0,0,11240.295511125241,0,-2.0539120502562582
2025-05-05 00:13:42.921139,22183,2,stop_loss_short,0.0,0,11244.787133211486,0,-2.0539120502562582
2025-05-05 00:13:42.930199,22184,2,open_short,8.283,-1,11244.787133211486,0,-2.0539120502562582
2025-05-05 00:13:42.975113,22198,2,stop_loss_short,0.0,0,11240.761438441703,0,-2.0539120502562582
2025-05-05 00:13:42.984618,22199,2,stop_loss_short,0.0,0,11245.253246712504,0,-2.0539120502562582
2025-05-05 00:13:42.996622,22200,2,stop_loss_short,0.0,0,11249.74684990989,0,-2.0539120502562582
2025-05-05 00:13:43.007400,22201,2,stop_loss_short,0.0,0,11254.242248751114,0,-2.0539120502562582
2025-05-05 00:13:43.011109,22202,2,open_short,8.438,-1,11254.242248751114,0,-2.0539120502562582
2025-05-05 00:13:43.076875,22221,2,stop_loss_short,0.0,0,11251.077052034532,0,-2.0539120502562582
2025-05-05 00:13:43.087876,22222,2,stop_loss_short,0.0,0,11255.572982424525,0,-2.0539120502562582
2025-05-05 00:13:43.095960,22223,2,stop_loss_short,0.0,0,11260.070709388301,0,-2.0539120502562582
2025-05-05 00:13:43.108210,22224,2,stop_loss_short,0.0,0,11264.570233643773,0,-2.0539120502562582
2025-05-05 00:13:43.118211,22225,2,stop_loss_short,0.0,0,11269.071555909137,0,-2.0539120502562582
2025-05-05 00:13:43.126997,22226,2,open_short,8.5,-1,11269.071555909137,0,-2.0539120502562582
2025-05-05 00:13:43.140564,22228,2,take_profit_short,0.0,0,11277.915382959593,0,-2.0539120502562582
2025-05-05 00:13:43.150563,22229,2,open_short,8.043,-1,11277.915382959593,0,-2.0539120502562582
2025-05-05 00:13:44.183808,22644,2,take_profit_short,0.0,0,11318.97586916002,0,-2.0539120502562582
2025-05-05 00:13:44.194661,22645,2,open_short,6.722,-1,11318.97586916002,0,-2.0539120502562582
2025-05-05 00:13:44.363204,22703,2,take_profit_short,0.0,0,11363.636541486352,0,-2.0539120502562582
2025-05-05 00:13:44.372207,22704,2,open_short,5.363,-1,11363.636541486352,0,-2.0539120502562582
2025-05-05 00:13:45.367787,23102,2,stop_loss_short,0.0,0,11318.838334507198,0,-2.0539120502562582
2025-05-05 00:13:45.377977,23103,2,stop_loss_short,0.0,0,11324.297250419266,0,-2.0539120502562582
2025-05-05 00:13:45.379849,23104,2,stop_loss_short,0.0,0,11328.822439600533,0,-2.0539120502562582
2025-05-05 00:13:45.399162,23105,2,stop_loss_short,0.0,0,11333.254420478926,0,-2.0539120502562582
2025-05-05 00:13:45.410187,23106,2,stop_loss_short,0.0,0,11337.78318894535,0,-2.0539120502562582
2025-05-05 00:13:45.410187,23107,2,stop_loss_short,0.0,0,11342.313767107653,0,-2.0539120502562582
2025-05-05 00:13:45.430897,23108,2,open_short,7.084,-1,11342.313767107653,0,-2.0539120502562582
2025-05-05 00:13:45.604650,23183,2,take_profit_short,0.0,0,11351.442985814136,0,-2.0539120502562582
2025-05-05 00:13:45.628558,23184,2,open_short,6.823,-1,11351.442985814136,0,-2.0539120502562582
2025-05-05 00:13:45.777003,23237,2,take_profit_short,0.0,0,11373.470370576535,0,-2.0539120502562582
2025-05-05 00:13:45.787549,23238,2,open_short,6.205,-1,11373.470370576535,0,-2.0539120502562582
2025-05-05 00:13:46.571569,23549,2,stop_loss_short,0.0,0,11359.27625911043,0,-2.0539120502562582
2025-05-05 00:13:46.589210,23550,2,stop_loss_short,0.0,0,11363.81542590357,0,-2.0539120502562582
2025-05-05 00:13:46.599069,23551,2,open_short,6.655,-1,11363.81542590357,0,-2.0539120502562582
2025-05-05 00:13:46.695746,23583,2,stop_loss_short,0.0,0,11361.15692975053,0,-2.0539120502562582
2025-05-05 00:13:46.705179,23584,2,open_short,6.735,-1,11361.15692975053,0,-2.0539120502562582
2025-05-05 00:13:46.765224,23606,2,stop_loss_short,0.0,0,11358.08676916738,0,-2.0539120502562582
2025-05-05 00:13:46.782492,23607,2,open_short,6.894,-1,11358.08676916738,0,-2.0539120502562582
2025-05-05 00:13:46.804506,23613,2,take_profit_short,0.0,0,11362.860093039104,0,-2.0539120502562582
2025-05-05 00:13:46.814564,23614,2,open_short,6.728,-1,11362.860093039104,0,-2.0539120502562582
2025-05-05 00:13:46.920414,23652,2,stop_loss_short,0.0,0,11354.517700162733,0,-2.0539120502562582
2025-05-05 00:13:46.932113,23653,2,stop_loss_short,0.0,0,11359.054965435718,0,-2.0539120502562582
2025-05-05 00:13:46.943744,23654,2,open_short,7.014,-1,11359.054965435718,0,-2.0539120502562582
2025-05-05 00:13:46.972839,23663,2,take_profit_short,0.0,0,11364.30591273065,0,-2.0539120502562582
2025-05-05 00:13:46.983087,23664,2,open_short,6.834,-1,11364.30591273065,0,-2.0539120502562582
2025-05-05 00:13:47.687145,23960,2,stop_loss_short,0.0,0,11356.024228809609,0,-2.0539120502562582
2025-05-05 00:13:47.712363,23961,2,stop_loss_short,0.0,0,11360.56209609144,0,-2.0539120502562582
2025-05-05 00:13:47.722251,23962,2,stop_loss_short,0.0,0,11365.101776705038,0,-2.0539120502562582
2025-05-05 00:13:47.732684,23963,2,stop_loss_short,0.0,0,11369.64327137501,0,-2.0539120502562582
2025-05-05 00:13:47.742220,23964,2,open_short,7.122,-1,11369.64327137501,0,-2.0539120502562582
2025-05-05 00:13:47.752314,23965,2,stop_loss_short,0.0,0,11367.21635631408,0,-2.0539120502562582
2025-05-05 00:13:47.763171,23966,2,stop_loss_short,0.0,0,11371.758695970064,0,-2.0539120502562582
2025-05-05 00:13:47.771947,23967,2,open_short,7.224,-1,11371.758695970064,0,-2.0539120502562582
2025-05-05 00:13:47.791537,23972,2,stop_loss_short,0.0,0,11367.050843311876,0,-2.0539120502562582
2025-05-05 00:13:47.802612,23973,2,stop_loss_short,0.0,0,11371.593116828863,0,-2.0539120502562582
2025-05-05 00:13:47.813458,23974,2,stop_loss_short,0.0,0,11376.137205438348,0,-2.0539120502562582
2025-05-05 00:13:47.823710,23975,2,stop_loss_short,0.0,0,11380.683109865642,0,-2.0539120502562582
2025-05-05 00:13:47.833552,23976,2,open_short,7.296,-1,11380.683109865642,0,-2.0539120502562582
2025-05-05 00:13:47.843175,23977,2,stop_loss_short,0.0,0,11377.793130341264,0,-2.0539120502562582
2025-05-05 00:13:47.852804,23978,2,stop_loss_short,0.0,0,11382.339696476149,0,-2.0539120502562582
2025-05-05 00:13:47.858255,23979,2,stop_loss_short,0.0,0,11386.88807941886,0,-2.0539120502562582
2025-05-05 00:13:47.872039,23980,2,open_short,7.365,-1,11386.88807941886,0,-2.0539120502562582
2025-05-05 00:13:47.887386,23983,2,stop_loss_short,0.0,0,11384.510563092697,0,-2.0539120502562582
2025-05-05 00:13:47.897725,23984,2,stop_loss_short,0.0,0,11389.05981351371,0,-2.0539120502562582
2025-05-05 00:13:47.908670,23985,2,stop_loss_short,0.0,0,11393.61088181519,0,-2.0539120502562582
2025-05-05 00:13:47.917879,23986,2,stop_loss_short,0.0,0,11398.163768723563,0,-2.0539120502562582
2025-05-05 00:13:47.928028,23987,2,stop_loss_short,0.0,0,11402.718474965546,0,-2.0539120502562582
2025-05-05 00:13:47.938415,23988,2,stop_loss_short,0.0,0,11407.275001268143,0,-2.0539120502562582
2025-05-05 00:13:47.949113,23989,2,stop_loss_short,0.0,0,11411.83334835865,0,-2.0539120502562582
2025-05-05 00:13:47.960857,23990,2,stop_loss_short,0.0,0,11415.24088175495,0,-2.0539120502562582
2025-05-05 00:13:47.969588,23991,2,open_short,7.603,-1,11415.24088175495,0,-2.0539120502562582
2025-05-05 00:13:47.991775,23999,2,stop_loss_short,0.0,0,11412.101675828597,0,-2.0539120502562582
2025-05-05 00:13:48.011265,24000,2,stop_loss_short,0.0,0,11416.661951658258,0,-2.0539120502562582
2025-05-05 00:13:48.021320,24001,2,stop_loss_short,0.0,0,11421.22404977414,0,-2.0539120502562582
2025-05-05 00:13:48.031829,24002,2,open_short,7.759,-1,11421.22404977414,0,-2.0539120502562582
2025-05-05 00:13:48.047592,24005,2,take_profit_short,0.0,0,11427.829645355094,0,-2.0539120502562582
2025-05-05 00:13:48.057470,24006,2,open_short,7.465,-1,11427.829645355094,0,-2.0539120502562582
2025-05-05 00:13:48.465489,24125,2,take_profit_short,0.0,0,11455.70067326199,0,-2.0539120502562582
2025-05-05 00:13:48.477059,24126,2,open_short,6.469,-1,11455.70067326199,0,-2.0539120502562582
2025-05-05 00:13:48.728724,24214,2,stop_loss_short,0.0,0,11434.826624219819,0,-2.0539120502562582
2025-05-05 00:13:48.740663,24215,2,stop_loss_short,0.0,0,11439.204116388486,0,-2.0539120502562582
2025-05-05 00:13:48.750664,24216,2,stop_loss_short,0.0,0,11443.775222353395,0,-2.0539120502562582
2025-05-05 00:13:48.760135,24217,2,open_short,7.255,-1,11443.775222353395,0,-2.0539120502562582
2025-05-05 00:13:48.804574,24230,2,stop_loss_short,0.0,0,11438.574511681618,0,-2.0539120502562582
2025-05-05 00:13:48.810220,24231,2,stop_loss_short,0.0,0,11443.145366056486,0,-2.0539120502562582
2025-05-05 00:13:48.825923,24232,2,open_short,7.299,-1,11443.145366056486,0,-2.0539120502562582
2025-05-05 00:13:48.994015,24290,2,stop_loss_short,0.0,0,11437.942181645461,0,-2.0539120502562582
2025-05-05 00:13:49.008075,24291,2,stop_loss_short,0.0,0,11441.667399275784,0,-2.0539120502562582
2025-05-05 00:13:49.021641,24292,2,stop_loss_short,0.0,0,11446.239489568536,0,-2.0539120502562582
2025-05-05 00:13:49.031642,24293,2,open_short,7.579,-1,11446.239489568536,0,-2.0539120502562582
2025-05-05 00:13:49.041771,24294,2,stop_loss_short,0.0,0,11443.177649975312,0,-2.0539120502562582
2025-05-05 00:13:49.050772,24295,2,stop_loss_short,0.0,0,11447.750343764243,0,-2.0539120502562582
2025-05-05 00:13:49.062178,24296,2,stop_loss_short,0.0,0,11452.32486480161,0,-2.0539120502562582
2025-05-05 00:13:49.071174,24297,2,open_short,7.763,-1,11452.32486480161,0,-2.0539120502562582
2025-05-05 00:13:49.081175,24298,2,stop_loss_short,0.0,0,11448.515908460286,0,-2.0539120502562582
2025-05-05 00:13:49.091875,24299,2,open_short,7.915,-1,11448.515908460286,0,-2.0539120502562582
2025-05-05 00:13:49.103832,24301,2,stop_loss_short,0.0,0,11440.820657060754,0,-2.0539120502562582
2025-05-05 00:13:49.113969,24302,2,stop_loss_short,0.0,0,11445.392408995316,0,-2.0539120502562582
2025-05-05 00:13:49.124477,24303,2,open_short,8.326,-1,11445.392408995316,0,-2.0539120502562582
2025-05-05 00:13:49.133795,24304,2,take_profit_short,0.0,0,11450.91165687095,0,-2.0539120502562582
2025-05-05 00:13:49.143594,24305,2,open_short,8.056,-1,11450.91165687095,0,-2.0539120502562582
2025-05-05 00:13:50.639578,24864,2,take_profit_short,0.0,0,11477.887915802934,0,-2.0539120502562582
2025-05-05 00:13:50.663934,24865,2,open_short,7.19,-1,11477.887915802934,0,-2.0539120502562582
2025-05-05 00:13:50.865336,24934,2,stop_loss_short,0.0,0,11467.70696420394,0,-2.0539120502562582
2025-05-05 00:13:50.876047,24935,2,stop_loss_short,0.0,0,11472.289459906837,0,-2.0539120502562582
2025-05-05 00:13:50.886657,24936,2,stop_loss_short,0.0,0,11476.873786775015,0,-2.0539120502562582
2025-05-05 00:13:50.896653,24937,2,stop_loss_short,0.0,0,11486.329784229027,0,-2.0539120502562582
2025-05-05 00:13:50.907666,24938,2,stop_loss_short,0.0,0,11493.237626496722,0,-2.0539120502562582
2025-05-05 00:13:50.917666,24939,2,stop_loss_short,0.0,0,11502.242413180877,0,-2.0539120502562582
2025-05-05 00:13:50.928809,24940,2,stop_loss_short,0.0,0,11506.838709249183,0,-2.0539120502562582
2025-05-05 00:13:50.939547,24941,2,open_short,8.855,-1,11506.838709249183,0,-2.0539120502562582
2025-05-05 00:13:50.985870,24956,2,stop_loss_short,0.0,0,11491.875082514234,0,-2.0539120502562582
2025-05-05 00:13:50.998586,24957,2,open_short,9.288,-1,11491.875082514234,0,-2.0539120502562582
2025-05-05 00:13:51.346783,25080,2,stop_loss_short,0.0,0,11482.578860262933,0,-2.0539120502562582
2025-05-05 00:13:51.358279,25081,2,open_short,9.854,-1,11482.578860262933,0,-2.0539120502562582
2025-05-05 00:13:51.565410,25154,2,take_profit_short,0.0,0,11535.439716655268,0,-2.0539120502562582
2025-05-05 00:13:51.577433,25155,2,open_short,8.047,-1,11535.439716655268,0,-2.0539120502562582
2025-05-05 00:13:51.646708,25177,2,stop_loss_short,0.0,0,11517.63218588015,0,-2.0539120502562582
2025-05-05 00:13:51.657160,25178,2,open_short,8.724,-1,11517.63218588015,0,-2.0539120502562582
2025-05-05 00:13:51.685270,25185,2,stop_loss_short,0.0,0,11513.753293015292,0,-2.0539120502562582
2025-05-05 00:13:51.696877,25186,2,stop_loss_short,0.0,0,11518.354188831181,0,-2.0539120502562582
2025-05-05 00:13:51.706237,25187,2,open_short,8.941,-1,11518.354188831181,0,-2.0539120502562582
2025-05-05 00:13:51.730238,25192,2,stop_loss_short,0.0,0,11512.149154504172,0,-2.0539120502562582
2025-05-05 00:13:51.741585,25193,2,stop_loss_short,0.0,0,11516.749409306312,0,-2.0539120502562582
2025-05-05 00:13:51.751586,25194,2,open_short,9.121,-1,11516.749409306312,0,-2.0539120502562582
2025-05-05 00:13:51.770588,25198,2,stop_loss_short,0.0,0,11513.687602567763,0,-2.0539120502562582
2025-05-05 00:13:51.780919,25199,2,open_short,8.898,-1,11513.687602567763,0,-2.0539120502562582
2025-05-05 00:13:51.949675,25256,2,stop_loss_short,0.0,0,11503.317188163857,0,-2.0539120502562582
2025-05-05 00:13:51.960865,25257,2,stop_loss_short,0.0,0,11507.913913712247,0,-2.0539120502562582
2025-05-05 00:13:51.971844,25258,2,stop_loss_short,0.0,0,11512.512476112166,0,-2.0539120502562582
2025-05-05 00:13:51.981024,25259,2,open_short,9.189,-1,11512.512476112166,0,-2.0539120502562582
2025-05-05 00:13:52.209856,25341,2,stop_loss_short,0.0,0,11502.208580433047,0,-2.0539120502562582
2025-05-05 00:13:52.220449,25342,2,stop_loss_short,0.0,0,11506.804862981788,0,-2.0539120502562582
2025-05-05 00:13:52.231846,25343,2,stop_loss_short,0.0,0,11509.531290033818,0,-2.0539120502562582
2025-05-05 00:13:52.242756,25344,2,stop_loss_short,0.0,0,11514.130498737315,0,-2.0539120502562582
2025-05-05 00:13:52.243883,25345,2,open_short,10.146,-1,11514.130498737315,0,-2.0539120502562582
2025-05-05 00:13:52.272042,25349,2,stop_loss_short,0.0,0,11508.525340670752,0,-2.0539120502562582
2025-05-05 00:13:52.273396,25350,2,stop_loss_short,0.0,0,11513.124147396884,0,-2.0539120502562582
2025-05-05 00:13:52.290080,25351,2,open_short,10.498,-1,11513.124147396884,0,-2.0539120502562582
2025-05-05 00:13:52.306715,25356,2,stop_loss_short,0.0,0,11509.664856693333,0,-2.0539120502562582
2025-05-05 00:13:52.323395,25357,2,stop_loss_short,0.0,0,11517.48548080712,0,-2.0539120502562582
2025-05-05 00:13:52.338229,25358,2,open_short,10.879,-1,11517.48548080712,0,-2.0539120502562582
2025-05-05 00:13:52.456260,25397,2,stop_loss_short,0.0,0,11508.590043248483,0,-2.0539120502562582
2025-05-05 00:13:52.471891,25398,2,stop_loss_short,0.0,0,11513.188875829765,0,-2.0539120502562582
2025-05-05 00:13:52.476272,25399,2,stop_loss_short,0.0,0,11517.789546104546,0,-2.0539120502562582
2025-05-05 00:13:52.494560,25400,2,stop_loss_short,0.0,0,11522.39205480717,0,-2.0539120502562582
2025-05-05 00:13:52.505756,25401,2,open_short,11.823,-1,11522.39205480717,0,-2.0539120502562582
2025-05-05 00:13:52.515758,25402,2,stop_loss_short,0.0,0,11519.976122817136,0,-2.0539120502562582
2025-05-05 00:13:52.526652,25403,2,open_short,11.997,-1,11519.976122817136,0,-2.0539120502562582
2025-05-05 00:13:52.536661,25404,2,take_profit_short,0.0,0,11526.808306637073,0,-2.0539120502562582
2025-05-05 00:13:52.547656,25405,2,stop_loss_short,0.0,0,11531.414419236406,0,-2.0539120502562582
2025-05-05 00:13:52.558591,25406,2,open_short,11.855,-1,11531.414419236406,0,-2.0539120502562582
2025-05-05 00:13:52.617270,25424,2,take_profit_short,0.0,0,11554.201471694345,0,-2.0539120502562582
2025-05-05 00:13:52.627245,25425,2,open_short,10.71,-1,11554.201471694345,0,-2.0539120502562582
2025-05-05 00:13:52.708413,25451,2,stop_loss_short,0.0,0,11523.040198948283,0,-2.0539120502562582
2025-05-05 00:13:52.719415,25452,2,stop_loss_short,0.0,0,11527.644805811784,0,-2.0539120502562582
2025-05-05 00:13:52.726790,25453,2,stop_loss_short,0.0,0,11532.251252676186,0,-2.0539120502562582
2025-05-05 00:13:52.742597,25454,2,open_short,12.918,-1,11532.251252676186,0,-2.0539120502562582
2025-05-05 00:13:52.754599,25456,2,stop_loss_short,0.0,0,11527.572346642544,0,-2.0539120502562582
2025-05-05 00:13:52.766463,25457,2,stop_loss_short,0.0,0,11532.178764552262,0,-2.0539120502562582
2025-05-05 00:13:52.773979,25458,2,open_short,13.219,-1,11532.178764552262,0,-2.0539120502562582
2025-05-05 00:13:52.789979,25460,2,stop_loss_short,0.0,0,11529.124937464272,0,-2.0539120502562582
2025-05-05 00:13:52.789979,25461,2,open_short,13.53,-1,11529.124937464272,0,-2.0539120502562582
2025-05-05 00:13:52.807031,25463,2,take_profit_short,0.0,0,11538.393108497758,0,-2.0539120502562582
2025-05-05 00:13:52.823336,25464,2,open_short,12.533,-1,11538.393108497758,0,-2.0539120502562582
2025-05-05 00:13:53.127934,25570,2,stop_loss_short,0.0,0,11517.49381227707,0,-2.0539120502562582
2025-05-05 00:13:53.137799,25571,2,open_short,14.316,-1,11517.49381227707,0,-2.0539120502562582
2025-05-05 00:13:53.240622,25604,2,stop_loss_short,0.0,0,11512.186684557104,0,-2.0539120502562582
2025-05-05 00:13:53.250166,25605,2,stop_loss_short,0.0,0,11515.275032891079,0,-2.0539120502562582
2025-05-05 00:13:53.262063,25606,2,open_short,15.161,-1,11515.275032891079,0,-2.0539120502562582
2025-05-05 00:13:53.274944,25608,2,take_profit_short,0.0,0,11520.793844321193,0,-2.0539120502562582
2025-05-05 00:13:53.274944,25609,2,open_short,14.863,-1,11520.793844321193,0,-2.0539120502562582
2025-05-05 00:13:53.306676,25615,2,stop_loss_short,0.0,0,11513.231098832535,0,-2.0539120502562582
2025-05-05 00:13:53.321886,25616,2,stop_loss_short,0.0,0,11516.352879064249,0,-2.0539120502562582
2025-05-05 00:13:53.332829,25617,2,stop_loss_short,0.0,0,11520.954813674723,0,-2.0539120502562582
2025-05-05 00:13:53.344468,25618,2,open_short,15.73,-1,11520.954813674723,0,-2.0539120502562582
2025-05-05 00:13:53.356800,25624,2,stop_loss_short,0.0,0,11515.592751678849,0,-2.0539120502562582
2025-05-05 00:13:53.380500,25625,2,stop_loss_short,0.0,0,11520.19438254242,0,-2.0539120502562582
2025-05-05 00:13:53.391308,25626,2,open_short,15.975,-1,11520.19438254242,0,-2.0539120502562582
2025-05-05 00:13:53.505823,25668,2,stop_loss_short,0.0,0,11512.803553069083,0,-2.0539120502562582
2025-05-05 00:13:53.517119,25669,2,open_short,16.669,-1,11512.803553069083,0,-2.0539120502562582
2025-05-05 00:13:53.530834,25671,2,stop_loss_short,0.0,0,11507.783441333868,0,-2.0539120502562582
2025-05-05 00:13:53.543072,25672,2,stop_loss_short,0.0,0,11510.086098117514,0,-2.0539120502562582
2025-05-05 00:13:53.552825,25673,2,stop_loss_short,0.0,0,11514.109996771607,0,-2.0539120502562582
2025-05-05 00:13:53.564826,25674,2,stop_loss_short,0.0,0,11518.711035126316,0,-2.0539120502562582
2025-05-05 00:13:53.576119,25675,2,open_short,17.805,-1,11518.711035126316,0,-2.0539120502562582
2025-05-05 00:13:53.674547,25712,2,stop_loss_short,0.0,0,11510.849863924901,0,-2.0539120502562582
2025-05-05 00:13:53.696642,25713,2,open_short,18.627,-1,11510.849863924901,0,-2.0539120502562582
2025-05-05 00:13:53.707160,25714,2,stop_loss_short,0.0,0,11508.336544339083,0,-2.0539120502562582
2025-05-05 00:13:53.718004,25715,2,stop_loss_short,0.0,0,11512.935275622202,0,-2.0539120502562582
2025-05-05 00:13:53.729780,25716,2,open_short,18.586,-1,11512.935275622202,0,-2.0539120502562582
2025-05-05 00:13:53.806519,25743,2,take_profit_short,0.0,0,11537.118560034085,0,-2.0539120502562582
2025-05-05 00:13:53.817516,25744,2,open_short,16.881,-1,11537.118560034085,0,-2.0539120502562582
2025-05-05 00:13:54.011297,25810,2,stop_loss_short,0.0,0,11511.91832287191,0,-2.0539120502562582
2025-05-05 00:13:54.023010,25811,2,open_short,18.391,-1,11511.91832287191,0,-2.0539120502562582
2025-05-05 00:13:54.104604,25837,2,take_profit_short,0.0,0,11528.015905777369,0,-2.0539120502562582
2025-05-05 00:13:54.109013,25838,2,open_short,17.18,-1,11528.015905777369,0,-2.0539120502562582
2025-05-05 00:13:54.454348,25962,2,take_profit_short,0.0,0,11558.626044552371,0,-2.0539120502562582
2025-05-05 00:13:54.469978,25963,2,open_short,14.994,-1,11558.626044552371,0,-2.0539120502562582
2025-05-05 00:13:54.590057,26001,2,take_profit_short,0.0,0,11630.399557235585,0,-2.0539120502562582
2025-05-05 00:13:54.602870,26002,2,open_short,11.878,-1,11630.399557235585,0,-2.0539120502562582
2025-05-05 00:13:54.658763,26019,2,stop_loss_short,0.0,0,11586.168387944574,0,-2.0539120502562582
2025-05-05 00:13:54.671942,26020,2,stop_loss_short,0.0,0,11590.798220832396,0,-2.0539120502562582
2025-05-05 00:13:54.676762,26021,2,open_short,14.474,-1,11590.798220832396,0,-2.0539120502562582
2025-05-05 00:13:54.700491,26026,2,take_profit_short,0.0,0,11601.503931745608,0,-2.0539120502562582
2025-05-05 00:13:54.715723,26027,2,open_short,13.389,-1,11601.503931745608,0,-2.0539120502562582
2025-05-05 00:13:55.520360,26341,2,stop_loss_short,0.0,0,11579.827211770758,0,-2.0539120502562582
2025-05-05 00:13:55.532097,26342,2,stop_loss_short,0.0,0,11584.454510724581,0,-2.0539120502562582
2025-05-05 00:13:55.543606,26343,2,stop_loss_short,0.0,0,11589.083658747068,0,-2.0539120502562582
2025-05-05 00:13:55.555605,26344,2,stop_loss_short,0.0,0,11593.714656577104,0,-2.0539120502562582
2025-05-05 00:13:55.564596,26345,2,stop_loss_short,0.0,0,11598.347504953872,0,-2.0539120502562582
2025-05-05 00:13:55.578352,26346,2,stop_loss_short,0.0,0,11602.982204616852,0,-2.0539120502562582
2025-05-05 00:13:55.590832,26347,2,stop_loss_short,0.0,0,11607.618756305817,0,-2.0539120502562582
2025-05-05 00:13:55.594082,26348,2,stop_loss_short,0.0,0,11612.257160760837,0,-2.0539120502562582
2025-05-05 00:13:55.613274,26349,2,stop_loss_short,0.0,0,11616.897418722278,0,-2.0539120502562582
2025-05-05 00:13:55.623168,26350,2,open_short,15.052,-1,11616.897418722278,0,-2.0539120502562582
2025-05-05 00:13:55.656846,26363,2,stop_loss_short,0.0,0,11613.788929133374,0,-2.0539120502562582
2025-05-05 00:13:55.679868,26364,2,stop_loss_short,0.0,0,11618.429799189456,0,-2.0539120502562582
2025-05-05 00:13:55.691402,26365,2,open_short,15.128,-1,11618.429799189456,0,-2.0539120502562582
2025-05-05 00:13:55.796771,26400,2,stop_loss_short,0.0,0,11614.725098784676,0,-2.0539120502562582
2025-05-05 00:13:55.808859,26401,2,stop_loss_short,0.0,0,11619.36634293415,0,-2.0539120502562582
2025-05-05 00:13:55.819412,26402,2,stop_loss_short,0.0,0,11624.009441724787,0,-2.0539120502562582
2025-05-05 00:13:55.832043,26403,2,stop_loss_short,0.0,0,11628.6543958977,0,-2.0539120502562582
2025-05-05 00:13:55.843838,26404,2,open_short,15.339,-1,11628.6543958977,0,-2.0539120502562582
2025-05-05 00:13:55.942614,26436,2,take_profit_short,0.0,0,11638.671129240814,0,-2.0539120502562582
2025-05-05 00:13:55.952135,26437,2,open_short,14.091,-1,11638.671129240814,0,-2.0539120502562582
2025-05-05 00:13:57.088529,26899,2,take_profit_short,0.0,0,11683.16952666094,0,-2.0539120502562582
2025-05-05 00:13:57.102217,26900,2,open_short,11.726,-1,11683.16952666094,0,-2.0539120502562582
2025-05-05 00:13:57.374555,27013,2,stop_loss_short,0.0,0,11670.729755628347,0,-2.0539120502562582
2025-05-05 00:13:57.393826,27014,2,open_short,12.443,-1,11670.729755628347,0,-2.0539120502562582
2025-05-05 00:13:57.413828,27018,2,take_profit_short,0.0,0,11681.054386067533,0,-2.0539120502562582
2025-05-05 00:13:57.425076,27019,2,open_short,11.893,-1,11681.054386067533,0,-2.0539120502562582
2025-05-05 00:13:57.540203,27063,2,take_profit_short,0.0,0,11726.522617909111,0,-2.0539120502562582
2025-05-05 00:13:57.556845,27064,2,open_short,9.318,-1,11726.522617909111,0,-2.0539120502562582
2025-05-05 00:13:59.755872,27934,2,take_profit_short,0.0,0,11875.869627788712,0,-2.0539120502562582
2025-05-05 00:13:59.773181,27935,2,open_short,5.827,-1,11875.869627788712,0,-2.0539120502562582
2025-05-05 00:14:00.286032,28142,2,stop_loss_short,0.0,0,11837.412046185953,0,-2.0539120502562582
2025-05-05 00:14:00.296237,28143,2,open_short,6.851,-1,11837.412046185953,0,-2.0539120502562582
2025-05-05 00:14:00.586143,28256,2,stop_loss_short,0.0,0,11832.256574127188,0,-2.0539120502562582
2025-05-05 00:14:00.600673,28257,2,stop_loss_short,0.0,0,11836.98474385421,0,-2.0539120502562582
2025-05-05 00:14:00.613295,28258,2,stop_loss_short,0.0,0,11841.714802957853,0,-2.0539120502562582
2025-05-05 00:14:00.623707,28259,2,open_short,7.049,-1,11841.714802957853,0,-2.0539120502562582
2025-05-05 00:14:00.763996,28311,2,take_profit_short,0.0,0,11849.638784338775,0,-2.0539120502562582
2025-05-05 00:14:00.779158,28312,2,open_short,6.722,-1,11849.638784338775,0,-2.0539120502562582
2025-05-05 00:14:00.991768,28386,2,take_profit_short,0.0,0,11882.369627968126,0,-2.0539120502562582
2025-05-05 00:14:00.992819,28387,2,open_short,5.921,-1,11882.369627968126,0,-2.0539120502562582
2025-05-05 00:14:01.184962,28453,2,stop_loss_short,0.0,0,11870.684439810027,0,-2.0539120502562582
2025-05-05 00:14:01.195752,28454,2,open_short,6.247,-1,11870.684439810027,0,-2.0539120502562582
2025-05-05 00:14:01.239558,28467,2,take_profit_short,0.0,0,11876.346472902776,0,-2.0539120502562582
2025-05-05 00:14:01.250674,28468,2,open_short,6.019,-1,11876.346472902776,0,-2.0539120502562582
2025-05-05 00:14:01.518312,28576,2,take_profit_short,0.0,0,11906.740022918013,0,-2.0539120502562582
2025-05-05 00:14:01.533154,28577,2,open_short,5.213,-1,11906.740022918013,0,-2.0539120502562582
2025-05-05 00:14:02.526309,28968,2,stop_loss_short,0.0,0,11879.075752430537,0,-2.0539120502562582
2025-05-05 00:14:02.542694,28969,2,stop_loss_short,0.0,0,11883.822631101208,0,-2.0539120502562582
2025-05-05 00:14:02.546378,28970,2,stop_loss_short,0.0,0,11888.571406624596,0,-2.0539120502562582
2025-05-05 00:14:02.566870,28971,2,open_short,5.944,-1,11888.571406624596,0,-2.0539120502562582
2025-05-05 00:14:02.588600,28976,2,stop_loss_short,0.0,0,11885.306203990203,0,-2.0539120502562582
2025-05-05 00:14:02.599160,28977,2,stop_loss_short,0.0,0,11890.055572349318,0,-2.0539120502562582
2025-05-05 00:14:02.610992,28978,2,stop_loss_short,0.0,0,11894.80683855603,0,-2.0539120502562582
2025-05-05 00:14:02.614407,28979,2,open_short,5.956,-1,11894.80683855603,0,-2.0539120502562582
2025-05-05 00:14:02.674537,28998,2,take_profit_short,0.0,0,11905.196269840591,0,-2.0539120502562582
2025-05-05 00:14:02.692931,28999,2,open_short,5.736,-1,11905.196269840591,0,-2.0539120502562582
2025-05-05 00:14:03.322494,29253,2,take_profit_short,0.0,0,11939.838313248465,0,-2.0539120502562582
2025-05-05 00:14:03.349308,29254,2,open_short,5.055,-1,11939.838313248465,0,-2.0539120502562582
